Flight Time, Lat, Long, Altitude (ft), Date, Hour:Min:Sec, Fix, Accel x, Accel y, Accel z, Internal Ambient (K), External Ambient (K), Battery (K), OPC (K), OPC Heater Status, Battery Heater Status, External Pressure (PSI)
0:00:07,0.000000,0.000000,0.00,0/0/2000,00:00:00,No Fix,-3,33,-5,281.34,281.27,282.46,279.59,,100.57,
0:00:12,0.000000,0.000000,0.00,0/0/2000,00:00:00,No Fix,-3,32,-5,281.34,281.27,282.52,279.65,,100.44,
0:00:17,0.000000,0.000000,0.00,0/0/2000,00:00:00,No Fix,-3,31,-6,281.40,281.34,282.52,279.65,,100.44,
0:00:22,0.000000,0.000000,0.00,0/0/2000,00:00:00,No Fix,-3,33,-5,281.40,281.34,282.59,279.65,,100.57,
0:00:27,0.000000,0.000000,0.00,0/0/2000,00:00:00,No Fix,-3,32,-5,281.46,281.40,282.59,279.71,,100.69,
0:00:32,0.000000,0.000000,0.00,0/0/2000,00:00:00,No Fix,-4,32,-6,281.46,281.40,282.65,279.71,,100.57,
0:00:37,0.000000,0.000000,0.00,0/0/2000,00:00:00,No Fix,-3,32,-5,281.46,281.46,282.65,279.71,,100.44,
0:00:42,0.000000,0.000000,0.00,0/0/2000,00:00:00,No Fix,-3,32,-5,281.52,281.46,282.65,279.71,,100.57,
0:00:47,0.000000,0.000000,0.00,0/0/2000,00:00:00,No Fix,-3,33,-5,281.52,281.52,282.71,279.71,,100.44,
0:00:52,0.000000,0.000000,0.00,0/0/2000,00:00:00,No Fix,-3,33,-5,281.59,281.52,282.71,279.71,,100.32,
0:00:57,0.000000,0.000000,0.00,0/0/2000,00:00:00,No Fix,-3,32,-5,281.59,281.52,282.71,279.71,,97.54,
0:01:02,0.000000,0.000000,0.00,0/0/2000,00:00:00,No Fix,-3,32,-5,281.65,281.52,282.77,279.71,,100.69,
0:01:07,44.099945,-94.230904,1138.45,0/0/2000,16:43:25,fix,-3,33,-4,281.65,281.59,282.84,279.71,,100.06,
0:01:12,0.000000,0.000000,0.00,0/0/2000,00:00:00,No Fix,-3,32,-6,281.65,281.52,282.77,279.71,,100.19,
0:01:17,44.100166,-94.230888,1043.31,0/0/2000,16:43:35,fix,-2,33,-5,281.71,281.52,282.84,279.71,,100.32,
0:01:22,44.100197,-94.230881,1010.50,0/0/2000,16:43:40,fix,-2,33,-5,281.71,281.52,282.90,279.71,,99.81,
0:01:27,44.100163,-94.230873,1010.50,0/0/2000,16:43:45,fix,-2,32,-6,281.77,281.59,282.90,279.71,,99.94,
0:01:32,44.100147,-94.230873,1003.94,0/0/2000,16:43:50,fix,-2,32,-5,281.77,281.52,282.90,279.71,,100.06,
0:01:37,44.100140,-94.230865,1007.22,0/0/2000,16:43:55,fix,-2,33,-5,281.77,281.52,282.96,279.71,,100.32,
0:01:42,44.100140,-94.230865,1013.78,0/0/2000,16:44:0,fix,-6,30,-1,281.77,281.59,282.96,279.71,,100.06,
0:01:47,44.100151,-94.230873,1013.78,0/0/2000,16:44:5,fix,-2,35,1,281.84,281.59,282.96,279.77,,100.06,
0:01:52,44.100170,-94.230896,1013.78,0/0/2000,16:44:10,fix,-7,30,-3,281.84,281.59,283.02,279.77,,100.44,
0:01:57,44.100182,-94.230911,1020.34,0/0/2000,16:44:15,fix,-10,30,2,281.84,281.65,283.02,279.77,,100.06,
0:02:02,44.100208,-94.230911,1020.34,0/0/2000,16:44:20,fix,-28,16,-3,281.84,281.71,283.09,279.84,,99.94,
0:02:07,44.100212,-94.230904,1026.90,0/0/2000,16:44:25,fix,-29,18,-8,281.90,281.77,283.09,279.84,,100.44,
0:02:12,44.100250,-94.230919,1026.90,0/0/2000,16:44:30,fix,-29,14,-4,281.84,281.84,283.09,279.84,,100.19,
0:02:17,44.100258,-94.230911,1030.18,0/0/2000,16:44:35,fix,-27,19,-5,281.90,281.96,283.09,279.84,,100.06,
0:02:22,44.100258,-94.230888,1030.18,0/0/2000,16:44:40,fix,-30,21,-6,281.90,282.02,283.15,279.84,,100.19,
0:02:27,44.100266,-94.230911,1033.46,0/0/2000,16:44:45,fix,-29,28,-3,281.96,282.21,283.15,279.90,,100.19,
0:02:32,44.100269,-94.230911,1036.75,0/0/2000,16:44:50,fix,-25,20,-6,281.96,282.27,283.15,279.90,,100.06,
0:02:37,44.100273,-94.230904,1040.03,0/0/2000,16:44:55,fix,-23,44,-4,281.96,282.46,283.21,279.90,,100.19,
0:02:42,44.100380,-94.230835,1036.75,0/0/2000,16:45:0,fix,-1,31,-3,282.02,282.59,283.21,279.96,,100.19,
0:02:47,44.100567,-94.230774,1036.75,0/0/2000,16:45:5,fix,-2,32,-5,282.09,282.65,283.27,279.96,,100.06,
0:02:52,44.100788,-94.230736,1040.03,0/0/2000,16:45:10,fix,-2,35,-4,282.15,282.71,283.27,280.02,,99.81,
0:02:57,44.101086,-94.230789,1040.03,0/0/2000,16:45:15,fix,-2,33,-5,282.15,282.84,283.34,280.02,,99.68,
0:03:02,44.101360,-94.230820,1043.31,0/0/2000,16:45:20,fix,-2,35,-5,282.21,282.90,283.34,280.09,,99.68,
0:03:07,44.101646,-94.230835,1046.59,0/0/2000,16:45:25,fix,-2,32,-5,282.27,283.02,283.40,280.09,,99.43,
0:03:12,44.101925,-94.230858,1049.87,0/0/2000,16:45:30,fix,-2,31,-5,282.27,283.15,283.46,280.15,,98.93,
0:03:17,44.102211,-94.230873,1059.71,0/0/2000,16:45:35,fix,-2,32,-5,282.34,283.21,283.46,280.21,,99.05,
0:03:22,44.102505,-94.230865,1066.27,0/0/2000,16:45:40,fix,-2,32,-5,282.40,283.27,283.52,280.21,,99.18,
0:03:27,44.102798,-94.230865,1072.83,0/0/2000,16:45:45,fix,-2,33,-5,282.46,283.27,283.59,280.27,,98.93,
0:03:32,44.103092,-94.230789,1089.24,0/0/2000,16:45:50,fix,-2,33,-5,282.46,283.27,283.59,280.34,,98.67,
0:03:37,44.103386,-94.230690,1102.36,0/0/2000,16:45:55,fix,-2,32,-5,282.52,283.27,283.65,280.34,,98.55,
0:03:42,44.103691,-94.230629,1122.05,0/0/2000,16:46:0,fix,-2,35,-5,282.59,283.34,283.65,280.40,,98.30,
0:03:47,44.104000,-94.230568,1148.29,0/0/2000,16:46:5,fix,-2,32,-5,282.65,283.34,283.71,280.40,,98.42,
0:03:52,44.104294,-94.230545,1181.10,0/0/2000,16:46:10,fix,-2,35,-5,282.65,283.46,283.71,280.46,,98.17,
0:03:57,44.104603,-94.230545,1210.63,0/0/2000,16:46:15,fix,-2,32,-4,282.71,283.46,283.77,280.46,,98.17,
0:04:02,44.104908,-94.230545,1243.44,0/0/2000,16:46:20,fix,-2,35,-5,282.77,283.59,283.84,280.52,,98.04,
0:04:07,44.105228,-94.230522,1266.40,0/0/2000,16:46:25,fix,-2,31,-5,282.77,283.65,283.90,280.59,,97.92,
0:04:12,44.105530,-94.230492,1282.81,0/0/2000,16:46:30,fix,-2,36,-5,282.84,283.71,283.96,280.65,,94.89,
0:04:17,44.105843,-94.230438,1305.77,0/0/2000,16:46:35,fix,-3,32,-5,282.90,283.77,283.96,280.65,,97.66,
0:04:22,44.106171,-94.230446,1328.74,0/0/2000,16:46:40,fix,-2,34,-5,282.96,283.84,283.96,280.71,,97.16,
0:04:27,44.106506,-94.230392,1351.71,0/0/2000,16:46:45,fix,-2,31,-6,283.02,283.90,284.02,280.77,,97.16,
0:04:32,44.106869,-94.230324,1377.95,0/0/2000,16:46:50,fix,-2,34,-5,283.09,283.96,284.09,280.77,,96.91,
0:04:37,44.107204,-94.230293,1394.36,0/0/2000,16:46:55,fix,-2,34,-5,283.09,284.02,284.15,280.84,,96.78,
0:04:42,44.107533,-94.230240,1404.20,0/0/2000,16:47:0,fix,-2,32,-5,283.15,284.09,284.15,280.90,,96.65,
0:04:47,44.107822,-94.230179,1427.17,0/0/2000,16:47:5,fix,-2,30,-4,283.21,284.15,284.21,280.90,,96.65,
0:04:52,44.108154,-94.230095,1459.97,0/0/2000,16:47:10,fix,-2,32,-5,283.21,284.21,284.21,280.90,,96.15,
0:04:57,44.108494,-94.229942,1489.50,0/0/2000,16:47:15,fix,-2,32,-5,283.27,284.21,284.27,280.96,,97.16,
0:05:02,44.108871,-94.229790,1519.03,0/0/2000,16:47:20,fix,-2,38,-5,283.34,284.21,284.27,281.02,,96.28,
0:05:07,44.109230,-94.229584,1558.40,0/0/2000,16:47:25,fix,-2,31,-5,283.40,284.21,284.34,281.02,,95.90,
0:05:12,44.109581,-94.229355,1578.08,0/0/2000,16:47:30,fix,-3,36,-4,283.46,284.21,284.40,281.09,,95.90,
0:05:17,44.109909,-94.229134,1594.49,0/0/2000,16:47:35,fix,-2,33,-5,283.52,284.27,284.40,281.09,,94.13,
0:05:22,44.110191,-94.228897,1617.45,0/0/2000,16:47:40,fix,-2,33,-5,283.52,284.27,284.46,281.15,,92.61,
0:05:27,44.110477,-94.228661,1637.14,0/0/2000,16:47:45,fix,-2,32,-5,283.59,284.27,284.46,281.21,,95.27,
0:05:32,44.110752,-94.228470,1656.82,0/0/2000,16:47:50,fix,-3,35,-5,283.65,284.34,284.52,281.21,,95.39,
0:05:37,44.111000,-94.228325,1673.23,0/0/2000,16:47:55,fix,-2,33,-4,283.65,284.34,284.59,281.27,,95.01,
0:05:42,44.111286,-94.228104,1679.79,0/0/2000,16:48:0,fix,-2,34,-5,283.71,284.40,284.59,281.27,,94.89,
0:05:47,44.111523,-94.227943,1692.91,0/0/2000,16:48:5,fix,-2,32,-5,283.77,284.40,284.65,281.34,,94.89,
0:05:52,44.111740,-94.227829,1725.72,0/0/2000,16:48:10,fix,-2,33,-5,283.84,284.40,284.65,281.34,,94.63,
0:05:57,44.111927,-94.227684,1751.97,0/0/2000,16:48:15,fix,-2,32,-5,283.90,284.46,284.71,281.40,,94.63,
0:06:02,44.112099,-94.227600,1765.09,0/0/2000,16:48:20,fix,-2,32,-4,283.96,284.46,284.77,281.40,,94.26,
0:06:07,44.112267,-94.227531,1784.78,0/0/2000,16:48:25,fix,-2,34,-5,284.02,284.46,284.84,281.46,,94.13,
0:06:12,44.112507,-94.227455,1801.18,0/0/2000,16:48:30,fix,-2,33,-5,284.09,284.52,284.84,281.46,,94.26,
0:06:17,44.112782,-94.227417,1817.59,0/0/2000,16:48:35,fix,-2,33,-5,284.09,284.59,284.90,281.52,,94.13,
0:06:22,44.113037,-94.227364,1827.43,0/0/2000,16:48:40,fix,-2,31,-5,284.15,284.65,284.96,281.52,,93.75,
0:06:27,44.113289,-94.227364,1843.83,0/0/2000,16:48:45,fix,-2,34,-4,284.21,284.71,285.02,281.52,,90.97,
0:06:32,44.113541,-94.227333,1873.36,0/0/2000,16:48:50,fix,-2,32,-5,284.27,284.71,285.02,281.59,,93.37,
0:06:37,44.113804,-94.227364,1906.17,0/0/2000,16:48:55,fix,-2,35,-5,284.34,284.71,285.09,281.52,,93.50,
0:06:42,44.114086,-94.227287,1938.98,0/0/2000,16:49:0,fix,-2,33,-4,284.40,284.77,285.09,281.59,,93.37,
0:06:47,44.114365,-94.227257,1965.22,0/0/2000,16:49:5,fix,-3,36,-4,284.40,284.84,285.15,281.59,,93.25,
0:06:52,44.114609,-94.227264,2001.31,0/0/2000,16:49:10,fix,-2,33,-4,284.46,284.84,285.21,281.65,,92.87,
0:06:57,44.114891,-94.227226,2021.00,0/0/2000,16:49:15,fix,-2,36,-5,284.52,284.84,285.21,281.65,,92.74,
0:07:02,44.115158,-94.227119,2030.84,0/0/2000,16:49:20,fix,-2,30,-5,284.59,284.90,285.21,281.71,,92.49,
0:07:07,44.115414,-94.227135,2050.52,0/0/2000,16:49:25,fix,-3,36,-5,284.65,284.96,285.27,281.71,,92.36,
0:07:12,44.115726,-94.227020,2060.37,0/0/2000,16:49:30,fix,-2,31,-5,284.71,284.96,285.34,281.77,,92.49,
0:07:17,44.116024,-94.226921,2066.93,0/0/2000,16:49:35,fix,-2,35,-5,284.77,284.96,285.40,281.77,,91.98,
0:07:22,44.116329,-94.226807,2080.05,0/0/2000,16:49:40,fix,-2,30,-5,284.84,285.02,285.40,281.84,,89.33,
0:07:27,44.116596,-94.226799,2099.74,0/0/2000,16:49:45,fix,-2,31,-4,284.84,285.09,285.46,281.84,,89.33,
0:07:32,44.116871,-94.226807,2142.39,0/0/2000,16:49:50,fix,-2,32,-5,284.96,285.09,285.46,281.84,,91.73,
0:07:37,44.117184,-94.226807,2175.20,0/0/2000,16:49:55,fix,-2,32,-5,284.96,285.15,285.52,281.90,,91.60,
0:07:42,44.117435,-94.226768,2214.57,0/0/2000,16:50:0,fix,-2,31,-4,285.02,285.15,285.59,281.90,,91.60,
0:07:47,44.117729,-94.226723,2250.66,0/0/2000,16:50:5,fix,-2,33,-5,285.09,285.21,285.65,281.96,,91.48,
0:07:52,44.118008,-94.226707,2273.62,0/0/2000,16:50:10,fix,-2,31,-5,285.15,285.27,285.65,281.96,,91.35,
0:07:57,44.118267,-94.226738,2309.71,0/0/2000,16:50:15,fix,-3,34,-4,285.21,285.34,285.71,282.02,,91.35,
0:08:02,44.118511,-94.226776,2335.96,0/0/2000,16:50:20,fix,-2,33,-4,285.27,285.34,285.77,282.02,,90.97,
0:08:07,44.118755,-94.226845,2355.64,0/0/2000,16:50:25,fix,-1,30,-5,285.34,285.46,285.77,282.09,,90.85,
0:08:12,44.118965,-94.226898,2381.89,0/0/2000,16:50:30,fix,-2,34,-5,285.40,285.59,285.84,282.09,,90.72,
0:08:17,44.119186,-94.226959,2395.01,0/0/2000,16:50:35,fix,-2,30,-5,285.46,285.65,285.90,282.15,,90.59,
0:08:22,44.119408,-94.227020,2408.14,0/0/2000,16:50:40,fix,-2,34,-5,285.52,285.77,285.90,282.15,,90.47,
0:08:27,44.119610,-94.227066,2421.26,0/0/2000,16:50:45,fix,-2,34,-5,285.59,285.90,285.96,282.21,,90.22,
0:08:32,44.119816,-94.227104,2447.51,0/0/2000,16:50:50,fix,-2,35,-4,285.65,286.02,286.02,282.27,,90.09,
0:08:37,44.120003,-94.227112,2477.03,0/0/2000,16:50:55,fix,-2,33,-4,285.71,286.15,286.02,282.27,,87.19,
0:08:42,44.120174,-94.227203,2506.56,0/0/2000,16:51:0,fix,-2,34,-5,285.77,286.27,286.09,282.34,,89.84,
0:08:47,44.120358,-94.227257,2536.09,0/0/2000,16:51:5,fix,-2,32,-4,285.84,286.34,286.15,282.34,,88.57,
0:08:52,44.120579,-94.227234,2568.90,0/0/2000,16:51:10,fix,-2,36,-5,285.90,286.46,286.21,282.40,,89.33,
0:08:57,44.120792,-94.227226,2595.14,0/0/2000,16:51:15,fix,-1,30,-5,285.96,286.52,286.21,282.46,,89.21,
0:09:02,44.121014,-94.227196,2621.39,0/0/2000,16:51:20,fix,-2,32,-5,286.02,286.65,286.34,282.46,,87.06,
0:09:07,44.121262,-94.227257,2637.80,0/0/2000,16:51:25,fix,-2,33,-5,286.02,286.71,286.34,282.52,,90.09,
0:09:12,44.121498,-94.227249,2667.32,0/0/2000,16:51:30,fix,-2,33,-5,286.15,286.84,286.40,282.59,,89.21,
0:09:17,44.121742,-94.227264,2690.29,0/0/2000,16:51:35,fix,-2,33,-4,286.15,286.96,286.46,282.65,,89.33,
0:09:22,44.121998,-94.227303,2716.54,0/0/2000,16:51:40,fix,-2,32,-5,286.21,287.09,286.46,282.71,,88.95,
0:09:27,44.122208,-94.227219,2762.47,0/0/2000,16:51:45,fix,-2,32,-5,286.27,287.09,286.52,282.77,,88.83,
0:09:32,44.122456,-94.227287,2811.68,0/0/2000,16:51:50,fix,-2,31,-5,286.34,287.15,286.59,282.77,,88.70,
0:09:37,44.122711,-94.227280,2864.17,0/0/2000,16:51:55,fix,-2,31,-5,286.40,287.15,286.59,282.84,,88.70,
0:09:42,44.122971,-94.227303,2903.54,0/0/2000,16:52:0,fix,-2,34,-5,286.46,287.21,286.65,282.90,,88.57,
0:09:47,44.123222,-94.227348,2952.76,0/0/2000,16:52:5,fix,-2,30,-5,286.52,287.21,286.71,282.96,,88.32,
0:09:52,44.123455,-94.227341,2995.41,0/0/2000,16:52:10,fix,-2,29,-4,286.52,287.21,286.77,282.96,,88.20,
0:09:57,44.123703,-94.227394,3015.09,0/0/2000,16:52:15,fix,-2,34,-5,286.59,287.27,286.77,283.02,,87.94,
0:10:02,44.123951,-94.227425,3028.22,0/0/2000,16:52:20,fix,-2,32,-5,286.65,287.34,286.84,283.09,,88.32,
0:10:07,44.124165,-94.227531,3038.06,0/0/2000,16:52:25,fix,-2,34,-5,286.71,287.34,286.90,283.15,,88.07,
0:10:12,44.124344,-94.227592,3051.18,0/0/2000,16:52:30,fix,-2,33,-5,286.77,287.46,286.96,283.21,,87.69,
0:10:17,44.124546,-94.227661,3061.02,0/0/2000,16:52:35,fix,-2,32,-5,286.77,287.59,286.96,283.27,,87.44,
0:10:22,44.124756,-94.227699,3074.15,0/0/2000,16:52:40,fix,-2,35,-5,286.84,287.65,287.02,283.27,,87.56,
0:10:27,44.124973,-94.227707,3093.83,0/0/2000,16:52:45,fix,-2,30,-5,286.90,287.71,287.09,283.34,,87.19,
0:10:32,44.125175,-94.227753,3113.52,0/0/2000,16:52:50,fix,-2,36,-5,286.96,287.84,287.15,283.40,,87.19,
0:10:37,44.125389,-94.227783,3133.20,0/0/2000,16:52:55,fix,-2,33,-4,287.02,287.90,287.15,283.46,,87.06,
0:10:42,44.125656,-94.227768,3146.33,0/0/2000,16:53:0,fix,-2,29,-4,287.02,287.90,287.21,283.46,,86.81,
0:10:47,44.125935,-94.227737,3166.01,0/0/2000,16:53:5,fix,-2,35,-5,287.09,287.96,287.27,283.52,,86.68,
0:10:52,44.126202,-94.227737,3179.13,0/0/2000,16:53:10,fix,-2,33,-5,287.15,288.02,287.34,283.59,,86.81,
0:10:57,44.126457,-94.227745,3218.50,0/0/2000,16:53:15,fix,-2,33,-5,287.21,288.09,287.34,283.59,,86.43,
0:11:02,44.126709,-94.227760,3257.87,0/0/2000,16:53:20,fix,-2,35,-5,287.27,288.09,287.40,283.65,,86.43,
0:11:07,44.126900,-94.227631,3300.52,0/0/2000,16:53:25,fix,-2,29,-5,287.34,288.15,287.46,283.71,,86.05,
0:11:12,44.127098,-94.227516,3326.77,0/0/2000,16:53:30,fix,-2,34,-5,287.34,288.15,287.46,283.77,,86.05,
0:11:17,44.127388,-94.227440,3356.30,0/0/2000,16:53:35,fix,-2,32,-4,287.40,288.21,287.52,283.77,,86.05,
0:11:22,44.127647,-94.227364,3392.39,0/0/2000,16:53:40,fix,-2,30,-5,287.46,288.21,287.59,283.84,,85.67,
0:11:27,44.127907,-94.227287,3425.20,0/0/2000,16:53:45,fix,-2,32,-5,287.52,288.27,287.65,283.90,,85.54,
0:11:32,44.128098,-94.227333,3461.29,0/0/2000,16:53:50,fix,-2,31,-5,287.52,288.34,287.65,283.96,,85.67,
0:11:37,44.128349,-94.227318,3484.25,0/0/2000,16:53:55,fix,-2,32,-5,287.59,288.40,287.71,283.96,,85.42,
0:11:42,44.128563,-94.227364,3513.78,0/0/2000,16:54:0,fix,-2,32,-4,287.65,288.46,287.77,284.02,,85.29,
0:11:47,44.128780,-94.227356,3540.03,0/0/2000,16:54:5,fix,-2,33,-5,287.71,288.46,287.77,284.02,,85.29,
0:11:52,44.128971,-94.227310,3566.27,0/0/2000,16:54:10,fix,-2,30,-5,287.71,288.52,287.84,284.09,,85.42,
0:11:57,44.129166,-94.227264,3585.96,0/0/2000,16:54:15,fix,-3,34,-5,287.77,288.52,287.90,284.15,,84.79,
0:12:02,44.129387,-94.227226,3605.64,0/0/2000,16:54:20,fix,-2,35,-4,287.77,288.59,287.96,284.15,,84.79,
0:12:07,44.129566,-94.227142,3625.33,0/0/2000,16:54:25,fix,-2,31,-5,287.90,288.65,287.96,284.21,,84.41,
0:12:12,44.129742,-94.227119,3638.45,0/0/2000,16:54:30,fix,-3,33,-5,287.90,288.71,288.02,284.21,,84.41,
0:12:17,44.129963,-94.227074,3654.86,0/0/2000,16:54:35,fix,-2,31,-5,287.96,288.84,288.09,284.27,,84.41,
0:12:22,44.130188,-94.227066,3671.26,0/0/2000,16:54:40,fix,-2,32,-5,287.96,288.84,288.09,284.34,,84.16,
0:12:27,44.130390,-94.227020,3694.23,0/0/2000,16:54:45,fix,-2,37,-4,288.02,288.90,288.15,284.34,,84.03,
0:12:32,44.130592,-94.227043,3717.19,0/0/2000,16:54:50,fix,-2,32,-4,288.09,289.02,288.21,284.34,,83.90,
0:12:37,44.130848,-94.227066,3730.31,0/0/2000,16:54:55,fix,-2,32,-5,288.15,289.09,288.21,284.40,,83.65,
0:12:42,44.131062,-94.227028,3750.00,0/0/2000,16:55:0,fix,-2,36,-5,288.21,289.15,288.27,284.46,,83.90,
0:12:47,44.131290,-94.227043,3763.12,0/0/2000,16:55:5,fix,-2,34,-5,288.21,289.21,288.34,284.46,,83.52,
0:12:52,44.131542,-94.227036,3779.53,0/0/2000,16:55:10,fix,-2,35,-5,288.27,289.27,288.34,284.46,,83.52,
0:12:57,44.131813,-94.226982,3789.37,0/0/2000,16:55:15,fix,-2,34,-5,288.27,289.27,288.40,284.52,,83.40,
0:13:02,44.132069,-94.226875,3795.93,0/0/2000,16:55:20,fix,-2,30,-4,288.34,289.27,288.46,284.59,,83.40,
0:13:07,44.132332,-94.226677,3802.49,0/0/2000,16:55:25,fix,-2,32,-5,288.40,289.21,288.46,284.59,,82.89,
0:13:12,44.132565,-94.226715,3812.34,0/0/2000,16:55:30,fix,-2,32,-5,288.40,289.21,288.52,284.65,,83.15,
0:13:17,44.132824,-94.226616,3818.90,0/0/2000,16:55:35,fix,-2,30,-5,288.46,289.21,288.52,284.65,,82.64,
0:13:22,44.133034,-94.226517,3832.02,0/0/2000,16:55:40,fix,-2,36,-5,288.46,289.15,288.59,284.71,,82.77,
0:13:27,44.133286,-94.226456,3841.86,0/0/2000,16:55:45,fix,-2,32,-5,288.52,289.15,288.65,284.77,,82.64,
0:13:32,44.133484,-94.226433,3858.27,0/0/2000,16:55:50,fix,-3,37,-6,288.59,289.21,288.65,284.77,,82.51,
0:13:37,44.133667,-94.226410,3871.39,0/0/2000,16:55:54,fix,-3,35,-5,288.65,289.21,288.71,284.84,,82.26,
0:13:42,44.133900,-94.226318,3884.51,0/0/2000,16:55:59,fix,-2,31,-5,288.65,289.21,288.71,284.84,,82.26,
0:13:47,44.134174,-94.226250,3897.64,0/0/2000,16:56:4,fix,-2,34,-5,288.71,289.15,288.77,284.90,,82.01,
0:13:52,44.134453,-94.226234,3910.76,0/0/2000,16:56:9,fix,-2,31,-5,288.77,289.15,288.84,284.90,,82.01,
0:13:57,44.134739,-94.226112,3930.45,0/0/2000,16:56:14,fix,-2,35,-5,288.77,289.15,288.90,284.96,,82.01,
0:14:02,44.135014,-94.226067,3943.57,0/0/2000,16:56:19,fix,-3,36,-5,288.84,289.15,288.90,284.96,,79.11,
0:14:07,44.135281,-94.226105,3953.41,0/0/2000,16:56:24,fix,-2,32,-4,288.84,289.21,288.90,284.96,,81.50,
0:14:12,44.135551,-94.226105,3959.97,0/0/2000,16:56:29,fix,-2,33,-4,288.90,289.15,288.90,285.02,,78.85,
0:14:17,44.135826,-94.226112,3973.10,0/0/2000,16:56:34,fix,-2,33,-5,288.90,289.21,288.96,285.09,,81.38,
0:14:22,44.136070,-94.226089,3986.22,0/0/2000,16:56:39,fix,-2,32,-4,288.96,289.21,289.02,285.09,,81.25,
0:14:27,44.136322,-94.226120,3999.34,0/0/2000,16:56:44,fix,-3,35,-5,289.02,289.27,289.09,285.09,,81.00,
0:14:32,44.136578,-94.226196,4009.19,0/0/2000,16:56:49,fix,-1,34,-5,289.09,289.21,289.09,285.15,,80.87,
0:14:37,44.136810,-94.226219,4025.59,0/0/2000,16:56:54,fix,-1,25,-5,289.09,289.21,289.15,285.15,,80.75,
0:14:42,44.137074,-94.226295,4028.87,0/0/2000,16:56:59,fix,-2,30,-4,289.15,289.27,289.15,285.21,,80.87,
0:14:47,44.137295,-94.226364,4038.71,0/0/2000,16:57:4,fix,-2,33,-5,289.21,289.27,289.15,285.21,,80.75,
0:14:52,44.137512,-94.226456,4045.28,0/0/2000,16:57:9,fix,-2,36,-5,289.21,289.34,289.21,285.27,,80.49,
0:14:57,44.137722,-94.226540,4055.12,0/0/2000,16:57:14,fix,-2,30,-4,289.27,289.34,289.21,285.27,,80.24,
0:15:02,44.137939,-94.226646,4068.24,0/0/2000,16:57:19,fix,-2,31,-5,289.34,289.34,289.27,285.27,,77.72,
0:15:07,44.138168,-94.226707,4081.36,0/0/2000,16:57:24,fix,-2,32,-4,289.40,289.34,289.27,285.34,,77.59,
0:15:12,44.138378,-94.226791,4091.21,0/0/2000,16:57:29,fix,-3,32,-4,289.40,289.34,289.34,285.34,,79.86,
0:15:17,44.138615,-94.226868,4104.33,0/0/2000,16:57:34,fix,-1,29,-4,289.46,289.40,289.34,285.40,,79.74,
0:15:22,44.138855,-94.226852,4117.45,0/0/2000,16:57:39,fix,-2,35,-5,289.52,289.40,289.40,285.40,,79.86,
0:15:27,44.139088,-94.226891,4127.30,0/0/2000,16:57:44,fix,-2,35,-5,289.52,289.40,289.46,285.46,,79.61,
0:15:32,44.139366,-94.226944,4133.86,0/0/2000,16:57:49,fix,-1,26,-5,289.59,289.34,289.46,285.46,,79.74,
0:15:37,44.139622,-94.226990,4146.98,0/0/2000,16:57:54,fix,-2,38,-4,289.59,289.34,289.46,285.46,,79.23,
0:15:42,44.139866,-94.226952,4156.82,0/0/2000,16:57:59,fix,-2,33,-4,289.65,289.34,289.52,285.46,,79.36,
0:15:47,44.140125,-94.226944,4166.67,0/0/2000,16:58:4,fix,-3,33,-5,289.65,289.40,289.52,285.52,,79.23,
0:15:52,44.140385,-94.226921,4176.51,0/0/2000,16:58:9,fix,-2,28,-4,289.71,289.40,289.59,285.52,,79.11,
0:15:57,44.140652,-94.226921,4189.63,0/0/2000,16:58:14,fix,-2,38,-5,289.71,289.46,289.59,285.52,,78.98,
0:16:02,44.140907,-94.226868,4196.19,0/0/2000,16:58:19,fix,-3,34,-5,289.77,289.46,289.65,285.59,,78.73,
0:16:07,44.141178,-94.226852,4206.04,0/0/2000,16:58:24,fix,-2,32,-4,289.77,289.52,289.65,285.59,,78.60,
0:16:12,44.141411,-94.226768,4215.88,0/0/2000,16:58:29,fix,-2,32,-6,289.84,289.52,289.77,285.59,,78.48,
0:16:17,44.141693,-94.226646,4222.44,0/0/2000,16:58:34,fix,-2,33,-5,289.90,289.52,289.77,285.65,,78.48,
0:16:22,44.141987,-94.226624,4232.28,0/0/2000,16:58:39,fix,-2,31,-5,289.96,289.52,289.84,285.65,,78.35,
0:16:27,44.142281,-94.226547,4242.13,0/0/2000,16:58:44,fix,-2,34,-5,289.96,289.59,289.84,285.71,,78.35,
0:16:32,44.142536,-94.226532,4251.97,0/0/2000,16:58:49,fix,-2,33,-5,290.02,289.59,289.90,285.71,,78.10,
0:16:37,44.142803,-94.226425,4261.81,0/0/2000,16:58:54,fix,-2,33,-5,290.02,289.59,289.90,285.71,,77.97,
0:16:42,44.143059,-94.226433,4271.65,0/0/2000,16:58:59,fix,-3,35,-4,290.09,289.65,289.96,285.71,,77.84,
0:16:47,44.143291,-94.226486,4281.50,0/0/2000,16:59:4,fix,-2,31,-5,290.15,289.65,290.02,285.77,,77.97,
0:16:52,44.143497,-94.226524,4291.34,0/0/2000,16:59:9,fix,-2,27,-5,290.15,289.71,290.02,285.84,,77.84,
0:16:57,44.143688,-94.226463,4301.18,0/0/2000,16:59:14,fix,-2,37,-5,290.21,289.77,290.09,285.84,,77.59,
0:17:02,44.143894,-94.226440,4311.02,0/0/2000,16:59:19,fix,-3,32,-5,290.21,289.77,290.09,285.84,,77.47,
0:17:07,44.144123,-94.226501,4324.15,0/0/2000,16:59:24,fix,-2,34,-5,290.27,289.90,290.15,285.84,,77.97,
0:17:12,44.144344,-94.226494,4330.71,0/0/2000,16:59:29,fix,-3,34,-5,290.27,289.96,290.21,285.90,,77.21,
0:17:17,44.144562,-94.226425,4340.55,0/0/2000,16:59:34,fix,-3,38,-5,290.34,290.02,290.21,285.90,,77.09,
0:17:22,44.144794,-94.226410,4353.67,0/0/2000,16:59:39,fix,-2,30,-5,290.34,290.02,290.27,285.90,,76.83,
0:17:27,44.145054,-94.226341,4363.52,0/0/2000,16:59:44,fix,-1,28,-5,290.40,290.09,290.34,285.96,,76.58,
0:17:32,44.145309,-94.226265,4376.64,0/0/2000,16:59:49,fix,-2,36,-4,290.40,290.09,290.34,285.96,,76.71,
0:17:37,44.145519,-94.226219,4386.48,0/0/2000,16:59:54,fix,-1,28,-5,290.46,290.02,290.40,285.96,,76.46,
0:17:42,44.145718,-94.226212,4396.33,0/0/2000,16:59:59,fix,-2,33,-5,290.46,290.02,290.40,286.02,,76.33,
0:17:47,44.145973,-94.226166,4406.17,0/0/2000,17:0:4,fix,-1,30,-5,290.52,290.02,290.46,286.02,,76.96,
0:17:52,44.146191,-94.226105,4422.57,0/0/2000,17:0:9,fix,-2,33,-6,290.52,290.02,290.46,286.02,,76.46,
0:17:57,44.146431,-94.226105,4435.70,0/0/2000,17:0:14,fix,-2,33,-5,290.59,290.02,290.52,286.02,,76.20,
0:18:02,44.146664,-94.226097,4445.54,0/0/2000,17:0:19,fix,-2,35,-5,290.59,289.96,290.52,286.09,,76.08,
0:18:07,44.146915,-94.226082,4458.66,0/0/2000,17:0:24,fix,-2,33,-5,290.65,289.96,290.59,286.09,,75.82,
0:18:12,44.147129,-94.226044,4471.78,0/0/2000,17:0:29,fix,-2,31,-5,290.65,290.02,290.59,286.15,,75.70,
0:18:17,44.147369,-94.225998,4481.63,0/0/2000,17:0:34,fix,-3,37,-5,290.65,290.09,290.65,286.15,,75.45,
0:18:22,44.147655,-94.225891,4491.47,0/0/2000,17:0:39,fix,-2,31,-5,290.71,290.15,290.65,286.15,,75.45,
0:18:27,44.147934,-94.225815,4504.59,0/0/2000,17:0:44,fix,-2,33,-5,290.71,290.15,290.71,286.21,,72.92,
0:18:32,44.148254,-94.225739,4514.44,0/0/2000,17:0:49,fix,-2,33,-5,290.77,290.15,290.71,286.21,,75.32,
0:18:37,44.148529,-94.225662,4524.28,0/0/2000,17:0:54,fix,-1,32,-5,290.77,290.27,290.77,286.21,,75.19,
0:18:42,44.148762,-94.225517,4540.68,0/0/2000,17:0:59,fix,-2,30,-5,290.84,290.34,290.77,286.27,,74.94,
0:18:47,44.149014,-94.225410,4553.81,0/0/2000,17:1:4,fix,-2,35,-5,290.84,290.34,290.77,286.27,,74.69,
0:18:52,44.149246,-94.225250,4566.93,0/0/2000,17:1:9,fix,-2,37,-4,290.84,290.34,290.84,286.27,,74.69,
0:18:57,44.149521,-94.225082,4580.05,0/0/2000,17:1:14,fix,-2,30,-5,290.90,290.40,290.84,286.27,,74.69,
0:19:02,44.149830,-94.225006,4593.18,0/0/2000,17:1:19,fix,-2,29,-4,290.90,290.46,290.90,286.34,,74.44,
0:19:07,44.150116,-94.224823,4609.58,0/0/2000,17:1:24,fix,-2,36,-4,290.96,290.40,290.96,286.34,,74.18,
0:19:12,44.150417,-94.224571,4622.70,0/0/2000,17:1:29,fix,-1,34,-5,290.96,290.40,290.96,286.34,,74.18,
0:19:17,44.150703,-94.224312,4635.83,0/0/2000,17:1:34,fix,-2,33,-5,290.96,290.46,291.02,286.34,,73.80,
0:19:22,44.151020,-94.224083,4648.95,0/0/2000,17:1:39,fix,-2,36,-5,291.02,290.52,291.02,286.34,,73.93,
0:19:27,44.151287,-94.223907,4658.79,0/0/2000,17:1:44,fix,-2,31,-5,291.02,290.65,291.02,286.40,,73.80,
0:19:32,44.151646,-94.223701,4668.64,0/0/2000,17:1:49,fix,-2,31,-5,291.02,290.65,291.09,286.40,,71.15,
0:19:37,44.151951,-94.223442,4685.04,0/0/2000,17:1:54,fix,-1,31,-6,291.09,290.65,291.09,286.40,,73.68,
0:19:42,44.152199,-94.223190,4698.16,0/0/2000,17:1:59,fix,-2,37,-5,291.09,290.59,291.09,286.40,,73.43,
0:19:47,44.152523,-94.222969,4711.29,0/0/2000,17:2:4,fix,-1,28,-5,291.09,290.52,291.15,286.40,,73.30,
0:19:52,44.152798,-94.222725,4724.41,0/0/2000,17:2:9,fix,-2,32,-4,291.09,290.46,291.15,286.46,,73.05,
0:19:57,44.153107,-94.222420,4737.53,0/0/2000,17:2:14,fix,-2,32,-4,291.15,290.46,291.21,286.52,,73.17,
0:20:02,44.153423,-94.222198,4747.38,0/0/2000,17:2:19,fix,-2,39,-5,291.15,290.40,291.21,286.52,,73.05,
0:20:07,44.153751,-94.221962,4757.22,0/0/2000,17:2:24,fix,-2,31,-5,291.21,290.46,291.27,286.52,,72.79,
0:20:12,44.154015,-94.221680,4770.34,0/0/2000,17:2:29,fix,-2,30,-4,291.21,290.46,291.27,286.52,,72.42,
0:20:17,44.154335,-94.221489,4780.18,0/0/2000,17:2:34,fix,-2,40,-5,291.27,290.46,291.34,286.59,,72.42,
0:20:22,44.154625,-94.221291,4790.03,0/0/2000,17:2:39,fix,-3,35,-5,291.27,290.52,291.34,286.59,,72.54,
0:20:27,44.154900,-94.221115,4803.15,0/0/2000,17:2:44,fix,-2,28,-5,291.27,290.52,291.40,286.65,,72.04,
0:20:32,44.155178,-94.220932,4812.99,0/0/2000,17:2:49,fix,-2,34,-5,291.27,290.52,291.40,286.59,,72.16,
0:20:37,44.155430,-94.220642,4826.12,0/0/2000,17:2:54,fix,-2,31,-5,291.34,290.46,291.46,286.65,,71.91,
0:20:42,44.155724,-94.220375,4835.96,0/0/2000,17:2:59,fix,-2,31,-5,291.34,290.46,291.46,286.65,,71.66,
0:20:47,44.156002,-94.220116,4845.80,0/0/2000,17:3:4,fix,-1,29,-5,291.34,290.40,291.46,286.65,,71.78,
0:20:52,44.156315,-94.219955,4852.36,0/0/2000,17:3:9,fix,-2,32,-5,291.40,290.40,291.52,286.65,,71.53,
0:20:57,44.156612,-94.219803,4855.64,0/0/2000,17:3:14,fix,-2,35,-5,291.40,290.46,291.59,286.71,,71.41,
0:21:02,44.156895,-94.219597,4862.20,0/0/2000,17:3:19,fix,-3,35,-5,291.40,290.40,291.59,286.65,,71.41,
0:21:07,44.157211,-94.219322,4875.33,0/0/2000,17:3:24,fix,-2,28,-5,291.46,290.40,291.59,286.71,,71.41,
0:21:12,44.157494,-94.219055,4881.89,0/0/2000,17:3:29,fix,-2,29,-5,291.46,290.34,291.59,286.71,,71.28,
0:21:17,44.157806,-94.218811,4891.73,0/0/2000,17:3:34,fix,-2,26,-5,291.46,290.34,291.65,286.71,,70.90,
0:21:22,44.158062,-94.218582,4898.29,0/0/2000,17:3:39,fix,-3,39,-5,291.46,290.27,291.65,286.71,,71.15,
0:21:27,44.158337,-94.218369,4911.42,0/0/2000,17:3:44,fix,-2,37,-5,291.46,290.21,291.65,286.71,,70.65,
0:21:32,44.158604,-94.218185,4917.98,0/0/2000,17:3:49,fix,-2,36,-5,291.46,290.21,291.71,286.71,,70.77,
0:21:37,44.158909,-94.217957,4927.82,0/0/2000,17:3:54,fix,-2,32,-5,291.52,290.15,291.71,286.71,,70.27,
0:21:42,44.159210,-94.217773,4940.94,0/0/2000,17:3:59,fix,-3,33,-5,291.52,290.15,291.71,286.77,,70.52,
0:21:47,44.159534,-94.217560,4950.79,0/0/2000,17:4:4,fix,-1,28,-5,291.52,290.21,291.71,286.71,,70.27,
0:21:52,44.159821,-94.217377,4960.63,0/0/2000,17:4:9,fix,-3,37,-4,291.52,290.21,291.77,286.77,,70.14,
0:21:57,44.160114,-94.217216,4970.47,0/0/2000,17:4:14,fix,-2,29,-5,291.59,290.27,291.84,286.77,,69.89,
0:22:02,44.160366,-94.217056,4980.31,0/0/2000,17:4:19,fix,-1,31,-4,291.59,290.27,291.84,286.77,,69.89,
0:22:07,44.160637,-94.216881,4986.88,0/0/2000,17:4:24,fix,-2,40,-5,291.59,290.34,291.84,286.84,,69.76,
0:22:12,44.160896,-94.216614,5000.00,0/0/2000,17:4:29,fix,-3,35,-5,291.59,290.34,291.90,286.84,,69.51,
0:22:17,44.161160,-94.216400,5009.84,0/0/2000,17:4:34,fix,-2,30,-5,291.65,290.34,291.96,286.84,,69.51,
0:22:22,44.161442,-94.216187,5019.69,0/0/2000,17:4:39,fix,-2,35,-4,291.65,290.34,291.96,286.90,,69.39,
0:22:27,44.161720,-94.216019,5029.53,0/0/2000,17:4:44,fix,-2,39,-5,291.65,290.27,291.96,286.84,,69.26,
0:22:32,44.161957,-94.215782,5039.37,0/0/2000,17:4:49,fix,-2,35,-5,291.65,290.21,292.02,286.90,,69.01,
0:22:37,44.162273,-94.215622,5052.49,0/0/2000,17:4:54,fix,-2,30,-5,291.71,290.21,292.02,286.90,,69.13,
0:22:42,44.162621,-94.215485,5072.18,0/0/2000,17:4:59,fix,-2,31,-4,291.71,290.27,292.02,286.90,,69.01,
0:22:47,44.162926,-94.215302,5085.30,0/0/2000,17:5:4,fix,-2,32,-5,291.71,290.21,292.02,286.90,,68.75,
0:22:52,44.163200,-94.215118,5101.71,0/0/2000,17:5:9,fix,-2,38,-4,291.71,290.27,292.09,286.90,,68.75,
0:22:57,44.163536,-94.214951,5114.83,0/0/2000,17:5:14,fix,-2,33,-4,291.77,290.27,292.09,286.90,,68.50,
0:23:02,44.163860,-94.214760,5131.23,0/0/2000,17:5:19,fix,-3,31,-4,291.71,290.27,292.09,286.90,,68.38,
0:23:07,44.164131,-94.214607,5144.36,0/0/2000,17:5:24,fix,-1,24,-5,291.77,290.34,292.15,286.90,,68.38,
0:23:12,44.164402,-94.214462,5150.92,0/0/2000,17:5:29,fix,-2,30,-5,291.77,290.34,292.15,286.90,,68.00,
0:23:17,44.164696,-94.214302,5167.32,0/0/2000,17:5:34,fix,-3,37,-4,291.77,290.34,292.15,286.90,,68.12,
0:23:22,44.164936,-94.214088,5180.45,0/0/2000,17:5:39,fix,-1,29,-5,291.77,290.34,292.21,286.90,,67.74,
0:23:27,44.165226,-94.213943,5193.57,0/0/2000,17:5:44,fix,-3,38,-5,291.77,290.34,292.21,286.90,,67.74,
0:23:32,44.165508,-94.213799,5206.69,0/0/2000,17:5:49,fix,-2,37,-5,291.84,290.40,292.27,286.90,,67.74,
0:23:37,44.165817,-94.213638,5226.38,0/0/2000,17:5:54,fix,-2,32,-3,291.84,290.46,292.27,286.96,,67.62,
0:23:42,44.166122,-94.213470,5242.78,0/0/2000,17:5:59,fix,-2,32,-5,291.84,290.40,292.27,286.96,,70.02,
0:23:47,44.166424,-94.213303,5255.91,0/0/2000,17:6:4,fix,-2,34,-4,291.84,290.46,292.27,286.96,,67.37,
0:23:52,44.166676,-94.213097,5275.59,0/0/2000,17:6:9,fix,-1,32,-5,291.84,290.52,292.34,286.96,,65.60,
0:23:57,44.166908,-94.212807,5295.28,0/0/2000,17:6:14,fix,-2,34,-5,291.90,290.52,292.34,286.96,,67.37,
0:24:02,44.167114,-94.212616,5305.12,0/0/2000,17:6:19,fix,-1,33,-5,291.90,290.59,292.40,287.02,,67.37,
0:24:07,44.167328,-94.212402,5318.24,0/0/2000,17:6:24,fix,-2,33,-5,291.90,290.65,292.40,287.02,,67.37,
0:24:12,44.167561,-94.212196,5331.37,0/0/2000,17:6:29,fix,-2,32,-5,291.90,290.71,292.40,286.96,,67.37,
0:24:17,44.167782,-94.212013,5347.77,0/0/2000,17:6:34,fix,-2,32,-5,291.90,290.77,292.40,287.02,,67.37,
0:24:22,44.167984,-94.211754,5360.89,0/0/2000,17:6:39,fix,-2,32,-5,291.96,290.84,292.46,287.02,,67.24,
0:24:27,44.168251,-94.211548,5377.30,0/0/2000,17:6:44,fix,-2,32,-5,291.96,290.90,292.46,287.02,,67.11,
0:24:32,44.168457,-94.211288,5390.42,0/0/2000,17:6:49,fix,-2,32,-5,291.96,290.96,292.46,287.02,,67.37,
0:24:37,44.168682,-94.211006,5410.10,0/0/2000,17:6:54,fix,-2,32,-5,291.96,290.96,292.52,287.02,,67.11,
0:24:42,44.168903,-94.210716,5426.51,0/0/2000,17:6:59,fix,-2,32,-5,291.96,290.96,292.52,287.09,,67.24,
0:24:47,44.169140,-94.210434,5442.91,0/0/2000,17:7:4,fix,-2,32,-5,292.02,290.96,292.52,287.02,,67.24,
0:24:52,44.169380,-94.210159,5456.04,0/0/2000,17:7:9,fix,-2,32,-5,292.02,291.02,292.52,287.02,,66.99,
0:24:57,44.169579,-94.209938,5462.60,0/0/2000,17:7:14,fix,-2,32,-5,292.02,290.96,292.52,287.09,,65.09,
0:25:02,44.169777,-94.209747,5472.44,0/0/2000,17:7:19,fix,-2,32,-5,292.02,291.02,292.59,287.09,,66.86,
0:25:07,44.170010,-94.209625,5485.56,0/0/2000,17:7:24,fix,-2,32,-5,292.02,291.02,292.59,287.09,,66.99,
0:25:12,44.170238,-94.209427,5495.41,0/0/2000,17:7:29,fix,-2,32,-5,292.09,291.09,292.59,287.09,,66.73,
0:25:17,44.170479,-94.209229,5501.97,0/0/2000,17:7:34,fix,-2,32,-5,292.09,291.09,292.65,287.09,,67.11,
0:25:22,44.170738,-94.209068,5508.53,0/0/2000,17:7:39,fix,-2,32,-5,292.09,291.21,292.65,287.09,,66.99,
0:25:27,44.170990,-94.208908,5518.37,0/0/2000,17:7:44,fix,-2,32,-5,292.09,291.21,292.71,287.09,,66.86,
0:25:32,44.171227,-94.208748,5528.21,0/0/2000,17:7:49,fix,-2,32,-5,292.15,291.34,292.71,287.09,,66.86,
0:25:37,44.171471,-94.208595,5538.06,0/0/2000,17:7:54,fix,-2,32,-5,292.15,291.46,292.71,287.09,,66.86,
0:25:42,44.171692,-94.208427,5551.18,0/0/2000,17:7:59,fix,-2,32,-5,292.15,291.52,292.71,287.09,,66.73,
0:25:47,44.171944,-94.208282,5561.02,0/0/2000,17:8:4,fix,-2,32,-5,292.15,291.59,292.77,287.09,,66.99,
0:25:52,44.172192,-94.208160,5570.87,0/0/2000,17:8:9,fix,-1,32,-5,292.21,291.71,292.77,287.09,,66.73,
0:25:57,44.172432,-94.208031,5580.71,0/0/2000,17:8:14,fix,-2,32,-5,292.21,291.77,292.84,287.09,,64.71,
0:26:02,44.172680,-94.207893,5587.27,0/0/2000,17:8:19,fix,-2,32,-5,292.21,291.84,292.84,287.09,,64.46,
0:26:07,44.172924,-94.207764,5597.11,0/0/2000,17:8:24,fix,-2,32,-5,292.27,291.90,292.84,287.09,,68.12,
0:26:12,44.173157,-94.207611,5600.39,0/0/2000,17:8:29,fix,-2,32,-5,292.27,291.96,292.84,287.09,,66.48,
0:26:17,44.173386,-94.207497,5610.24,0/0/2000,17:8:34,fix,-2,32,-5,292.27,292.02,292.90,287.09,,66.86,
0:26:22,44.173573,-94.207367,5616.80,0/0/2000,17:8:39,fix,-1,32,-5,292.34,292.09,292.90,287.09,,66.73,
0:26:27,44.173725,-94.207298,5633.20,0/0/2000,17:8:44,fix,-2,32,-5,292.34,292.15,292.90,287.09,,66.73,
0:26:32,44.173847,-94.207199,5643.04,0/0/2000,17:8:49,fix,-2,32,-5,292.34,292.21,292.96,287.09,,66.48,
0:26:37,44.173969,-94.207016,5656.17,0/0/2000,17:8:54,fix,-2,32,-5,292.40,292.21,292.96,287.09,,66.61,
0:26:42,44.174076,-94.206802,5666.01,0/0/2000,17:8:59,fix,-2,32,-5,292.40,292.21,292.96,287.09,,66.48,
0:26:47,44.174213,-94.206604,5672.57,0/0/2000,17:9:4,fix,-2,32,-5,292.40,292.21,293.02,287.09,,66.48,
0:26:52,44.174355,-94.206444,5682.42,0/0/2000,17:9:9,fix,-2,32,-5,292.46,292.27,293.02,287.09,,66.48,
0:26:57,44.174515,-94.206284,5695.54,0/0/2000,17:9:14,fix,-2,32,-5,292.46,292.21,293.02,287.09,,66.36,
0:27:02,44.174667,-94.206139,5705.38,0/0/2000,17:9:19,fix,-2,32,-5,292.52,292.27,293.09,287.09,,64.21,
0:27:07,44.174820,-94.205994,5715.22,0/0/2000,17:9:24,fix,-2,32,-5,292.52,292.21,293.09,287.09,,66.23,
0:27:12,44.174976,-94.205872,5728.35,0/0/2000,17:9:29,fix,-2,32,-5,292.59,292.21,293.15,287.09,,66.36,
0:27:17,44.175163,-94.205757,5741.47,0/0/2000,17:9:34,fix,-2,32,-5,292.59,292.27,293.15,287.09,,66.10,
0:27:22,44.175323,-94.205635,5754.59,0/0/2000,17:9:39,fix,-2,32,-5,292.59,292.27,293.15,287.09,,66.10,
0:27:27,44.175510,-94.205536,5771.00,0/0/2000,17:9:44,fix,-2,32,-5,292.65,292.27,293.21,287.09,,66.23,
0:27:32,44.175682,-94.205406,5780.84,0/0/2000,17:9:49,fix,-2,32,-5,292.65,292.27,293.21,287.09,,66.10,
0:27:37,44.175827,-94.205292,5790.68,0/0/2000,17:9:54,fix,-2,32,-4,292.71,292.27,293.27,287.09,,66.36,
0:27:42,44.175976,-94.205208,5803.81,0/0/2000,17:9:59,fix,-2,32,-5,292.71,292.27,293.27,287.09,,66.23,
0:27:47,44.176105,-94.205093,5816.93,0/0/2000,17:10:4,fix,-2,32,-5,292.77,292.27,293.27,287.09,,66.10,
0:27:52,44.176212,-94.204987,5823.49,0/0/2000,17:10:9,fix,-2,32,-5,292.77,292.34,293.34,287.09,,66.10,
0:27:57,44.176350,-94.204880,5830.05,0/0/2000,17:10:14,fix,-2,32,-5,292.84,292.34,293.34,287.02,,66.23,
0:28:02,44.176487,-94.204781,5836.61,0/0/2000,17:10:19,fix,-2,32,-5,292.90,292.34,293.34,287.09,,66.10,
0:28:07,44.176643,-94.204674,5846.46,0/0/2000,17:10:24,fix,-2,32,-5,292.90,292.34,293.40,287.09,,65.98,
0:28:12,44.176819,-94.204582,5853.02,0/0/2000,17:10:29,fix,-2,32,-5,292.96,292.34,293.40,287.09,,62.19,
0:28:17,44.176994,-94.204468,5862.86,0/0/2000,17:10:34,fix,-2,32,-5,293.02,292.34,293.40,287.09,,66.10,
0:28:22,44.177166,-94.204346,5872.70,0/0/2000,17:10:39,fix,-2,32,-5,293.02,292.40,293.46,287.02,,66.23,
0:28:27,44.177334,-94.204224,5882.55,0/0/2000,17:10:44,fix,-2,32,-5,293.09,292.40,293.46,287.02,,65.72,
0:28:32,44.177494,-94.204094,5889.11,0/0/2000,17:10:49,fix,-2,32,-5,293.15,292.40,293.52,287.02,,66.10,
0:28:37,44.177647,-94.203987,5895.67,0/0/2000,17:10:54,fix,-2,32,-5,293.21,292.34,293.52,287.02,,66.10,
0:28:42,44.177795,-94.203865,5902.23,0/0/2000,17:10:59,fix,-2,32,-5,293.21,292.40,293.59,287.09,,65.98,
0:28:47,44.177963,-94.203743,5908.79,0/0/2000,17:11:4,fix,-2,32,-5,293.27,292.40,293.59,287.02,,65.85,
0:28:52,44.178127,-94.203606,5915.35,0/0/2000,17:11:9,fix,-2,32,-5,293.34,292.40,293.59,287.02,,65.72,
0:28:57,44.178276,-94.203468,5925.20,0/0/2000,17:11:14,fix,-2,32,-5,293.34,292.40,293.65,287.02,,65.72,
0:29:02,44.178436,-94.203316,5935.04,0/0/2000,17:11:19,fix,-2,32,-5,293.40,292.34,293.65,287.02,,65.72,
0:29:07,44.178589,-94.203171,5944.88,0/0/2000,17:11:24,fix,-2,32,-5,293.46,292.40,293.71,287.02,,63.83,
0:29:12,44.178741,-94.203064,5958.00,0/0/2000,17:11:29,fix,-2,32,-5,293.46,292.40,293.77,287.02,,65.72,
0:29:17,44.178928,-94.202904,5967.85,0/0/2000,17:11:34,fix,-2,32,-5,293.52,292.40,293.77,287.02,,63.58,
0:29:22,44.179138,-94.202774,5980.97,0/0/2000,17:11:39,fix,-2,32,-5,293.59,292.40,293.77,287.02,,65.60,
0:29:27,44.179359,-94.202637,5994.09,0/0/2000,17:11:44,fix,-2,32,-5,293.65,292.40,293.84,287.02,,65.60,
0:29:32,44.179543,-94.202522,6010.50,0/0/2000,17:11:49,fix,-2,32,-5,293.65,292.46,293.84,287.02,,65.47,
0:29:37,44.179726,-94.202347,6013.78,0/0/2000,17:11:54,fix,-2,32,-5,293.71,292.40,293.90,287.02,,65.47,
0:29:42,44.179947,-94.202187,6020.34,0/0/2000,17:11:59,fix,-2,32,-5,293.77,292.40,293.90,287.02,,65.35,
0:29:47,44.180145,-94.202026,6026.90,0/0/2000,17:12:4,fix,-2,32,-5,293.84,292.46,293.96,287.02,,65.60,
0:29:52,44.180298,-94.201935,6046.59,0/0/2000,17:12:9,fix,-2,32,-5,293.90,292.46,293.96,287.02,,65.47,
0:29:57,44.180466,-94.201866,6056.43,0/0/2000,17:12:14,fix,-2,32,-5,293.90,292.46,294.02,287.02,,65.47,
0:30:02,44.180618,-94.201767,6066.27,0/0/2000,17:12:19,fix,-2,32,-5,293.96,292.46,294.02,287.02,,65.72,
0:30:07,44.180763,-94.201645,6076.12,0/0/2000,17:12:24,fix,-2,32,-5,294.02,292.46,294.09,287.02,,65.35,
0:30:12,44.180923,-94.201508,6085.96,0/0/2000,17:12:29,fix,-2,32,-5,294.09,292.52,294.09,287.02,,65.35,
0:30:17,44.181084,-94.201378,6095.80,0/0/2000,17:12:34,fix,-2,32,-5,294.15,292.52,294.15,287.02,,65.09,
0:30:22,44.181232,-94.201271,6108.92,0/0/2000,17:12:39,fix,-2,32,-5,294.15,292.52,294.15,287.02,,65.35,
0:30:27,44.181412,-94.201172,6118.77,0/0/2000,17:12:44,fix,-2,32,-5,294.21,292.59,294.21,287.02,,65.35,
0:30:32,44.181606,-94.201057,6125.33,0/0/2000,17:12:49,fix,-2,32,-5,294.27,292.59,294.21,287.02,,65.22,
0:30:37,44.181824,-94.200935,6128.61,0/0/2000,17:12:54,fix,-2,32,-5,294.34,292.65,294.27,287.02,,65.47,
0:30:42,44.182030,-94.200806,6128.61,0/0/2000,17:12:59,fix,-2,32,-5,294.40,292.71,294.34,287.02,,65.35,
0:30:47,44.182236,-94.200691,6131.89,0/0/2000,17:13:4,fix,-2,32,-5,294.40,292.84,294.34,287.09,,65.22,
0:30:52,44.182434,-94.200562,6135.17,0/0/2000,17:13:9,fix,-2,32,-5,294.46,292.90,294.40,287.02,,65.22,
0:30:57,44.182594,-94.200417,6138.45,0/0/2000,17:13:14,fix,-2,32,-5,294.52,293.02,294.40,287.02,,65.09,
0:31:02,44.182686,-94.200241,6148.29,0/0/2000,17:13:19,fix,-2,32,-5,294.59,293.15,294.46,287.09,,65.09,
0:31:07,44.182735,-94.200043,6161.42,0/0/2000,17:13:24,fix,-2,32,-5,294.59,293.27,294.46,287.09,,65.09,
0:31:12,44.182800,-94.199913,6174.54,0/0/2000,17:13:29,fix,-1,32,-5,294.65,293.40,294.52,287.09,,64.97,
0:31:17,44.182899,-94.199776,6190.94,0/0/2000,17:13:34,fix,-2,32,-5,294.71,293.52,294.52,287.02,,64.97,
0:31:22,44.183037,-94.199631,6204.07,0/0/2000,17:13:39,fix,-2,32,-5,294.77,293.65,294.52,287.09,,64.84,
0:31:27,44.183205,-94.199478,6217.19,0/0/2000,17:13:44,fix,-2,32,-5,294.77,293.77,294.59,287.09,,62.82,
0:31:32,44.183392,-94.199318,6227.03,0/0/2000,17:13:49,fix,-2,32,-5,294.84,293.90,294.65,287.09,,64.84,
0:31:37,44.183578,-94.199158,6236.88,0/0/2000,17:13:54,fix,-2,32,-5,294.90,294.02,294.65,287.09,,64.97,
0:31:42,44.183788,-94.198982,6250.00,0/0/2000,17:13:59,fix,-2,32,-5,294.96,294.21,294.71,287.09,,64.84,
0:31:47,44.183983,-94.198822,6263.12,0/0/2000,17:14:4,fix,-2,32,-5,294.96,294.34,294.71,287.09,,64.84,
0:31:52,44.184181,-94.198654,6276.25,0/0/2000,17:14:9,fix,-2,32,-5,295.02,294.52,294.77,287.09,,64.84,
0:31:57,44.184380,-94.198479,6292.65,0/0/2000,17:14:14,fix,-2,32,-5,295.09,294.65,294.77,287.09,,64.71,
0:32:02,44.184555,-94.198296,6302.49,0/0/2000,17:14:19,fix,-2,32,-5,295.09,294.84,294.84,287.15,,64.71,
0:32:07,44.184708,-94.198128,6312.34,0/0/2000,17:14:24,fix,-2,32,-5,295.15,294.96,294.84,287.15,,64.71,
0:32:12,44.184849,-94.197960,6318.90,0/0/2000,17:14:29,fix,-2,32,-5,295.15,295.15,294.90,287.15,,64.59,
0:32:17,44.184971,-94.197815,6328.74,0/0/2000,17:14:34,fix,-2,32,-5,295.21,295.27,294.90,287.15,,64.71,
0:32:22,44.185066,-94.197693,6345.14,0/0/2000,17:14:39,fix,-2,32,-5,295.27,295.40,294.96,287.15,,64.46,
0:32:27,44.185184,-94.197548,6354.99,0/0/2000,17:14:44,fix,-2,32,-5,295.27,295.59,294.96,287.21,,62.82,
0:32:32,44.185276,-94.197403,6368.11,0/0/2000,17:14:49,fix,-2,32,-5,295.34,295.71,295.02,287.21,,64.34,
0:32:37,44.185390,-94.197250,6381.23,0/0/2000,17:14:54,fix,-2,32,-5,295.34,295.84,295.02,287.21,,64.46,
0:32:42,44.185497,-94.197083,6391.08,0/0/2000,17:14:59,fix,-2,32,-5,295.40,295.96,295.09,287.27,,66.99,
0:32:47,44.185608,-94.196907,6400.92,0/0/2000,17:15:4,fix,-2,32,-5,295.46,296.09,295.15,287.27,,64.34,
0:32:52,44.185738,-94.196724,6410.76,0/0/2000,17:15:9,fix,-2,32,-5,295.46,296.27,295.15,287.34,,64.34,
0:32:57,44.185909,-94.196526,6417.32,0/0/2000,17:15:14,fix,-2,32,-5,295.52,296.40,295.15,287.34,,64.34,
0:33:02,44.186100,-94.196335,6423.88,0/0/2000,17:15:19,fix,-2,32,-5,295.52,296.52,295.21,287.40,,64.34,
0:33:07,44.186314,-94.196106,6430.45,0/0/2000,17:15:24,fix,-2,32,-5,295.59,296.65,295.21,287.40,,64.21,
0:33:12,44.186516,-94.195869,6433.73,0/0/2000,17:15:29,fix,-2,32,-5,295.59,296.77,295.27,287.46,,64.34,
0:33:17,44.186653,-94.195641,6440.29,0/0/2000,17:15:34,fix,-2,32,-5,295.65,296.90,295.34,287.46,,64.34,
0:33:22,44.186821,-94.195427,6446.85,0/0/2000,17:15:39,fix,-2,32,-5,295.71,297.02,295.34,287.52,,64.21,
0:33:27,44.187008,-94.195206,6453.41,0/0/2000,17:15:44,fix,-2,32,-5,295.71,297.15,295.40,287.52,,62.44,
0:33:32,44.187252,-94.194969,6459.97,0/0/2000,17:15:49,fix,-2,32,-5,295.77,297.27,295.40,287.59,,63.96,
0:33:37,44.187489,-94.194733,6469.82,0/0/2000,17:15:54,fix,-2,32,-5,295.77,297.40,295.46,287.59,,63.96,
0:33:42,44.187725,-94.194466,6479.66,0/0/2000,17:15:59,fix,-2,32,-5,295.84,297.52,295.46,287.65,,64.08,
0:33:47,44.187965,-94.194214,6489.50,0/0/2000,17:16:4,fix,-2,32,-5,295.84,297.65,295.52,287.71,,63.83,
0:33:52,44.188202,-94.193954,6499.34,0/0/2000,17:16:9,fix,-2,32,-5,295.90,297.77,295.52,287.71,,63.96,
0:33:57,44.188446,-94.193695,6509.19,0/0/2000,17:16:14,fix,-2,32,-5,295.90,297.90,295.59,287.77,,64.08,
0:34:02,44.188652,-94.193451,6522.31,0/0/2000,17:16:19,fix,-2,32,-5,295.96,298.02,295.59,287.77,,64.08,
0:34:07,44.188847,-94.193214,6532.15,0/0/2000,17:16:24,fix,-2,32,-5,295.96,298.15,295.65,287.84,,63.83,
0:34:12,44.189064,-94.192955,6542.00,0/0/2000,17:16:29,fix,-2,32,-5,295.96,298.34,295.71,287.84,,63.83,
0:34:17,44.189274,-94.192688,6551.84,0/0/2000,17:16:34,fix,-2,32,-5,296.02,298.40,295.71,287.90,,63.70,
0:34:22,44.189484,-94.192406,6564.96,0/0/2000,17:16:39,fix,-2,32,-5,296.02,298.52,295.77,287.96,,63.96,
0:34:27,44.189671,-94.192123,6578.08,0/0/2000,17:16:44,fix,-2,32,-5,296.09,298.71,295.77,287.96,,63.70,
0:34:32,44.189869,-94.191856,6591.21,0/0/2000,17:16:49,fix,-2,32,-5,296.09,298.77,295.84,288.02,,61.81,
0:34:37,44.190060,-94.191589,6604.33,0/0/2000,17:16:54,fix,-2,32,-5,296.09,298.90,295.84,288.02,,63.83,
0:34:42,44.190239,-94.191330,6617.45,0/0/2000,17:16:59,fix,-2,32,-5,296.15,299.02,295.90,288.09,,63.58,
0:34:47,44.190350,-94.191086,6630.58,0/0/2000,17:17:4,fix,-2,32,-5,296.15,299.15,295.96,288.09,,62.06,
0:34:52,44.190426,-94.190819,6643.70,0/0/2000,17:17:9,fix,-2,32,-5,296.15,299.27,295.96,288.15,,61.81,
0:34:57,44.190483,-94.190544,6656.82,0/0/2000,17:17:14,fix,-2,32,-5,296.21,299.34,295.96,288.21,,63.58,
0:35:02,44.190601,-94.190269,6663.39,0/0/2000,17:17:19,fix,-2,32,-5,296.21,299.46,296.02,288.21,,63.45,
0:35:07,44.190762,-94.190010,6666.67,0/0/2000,17:17:24,fix,-2,32,-5,296.21,299.52,296.09,288.27,,63.58,
0:35:12,44.190948,-94.189766,6669.95,0/0/2000,17:17:29,fix,-2,32,-5,296.27,299.59,296.09,288.27,,63.33,
0:35:17,44.191158,-94.189522,6673.23,0/0/2000,17:17:34,fix,-2,32,-5,296.27,299.65,296.15,288.34,,63.45,
0:35:22,44.191364,-94.189285,6679.79,0/0/2000,17:17:39,fix,-2,32,-5,296.34,299.71,296.15,288.40,,63.83,
0:35:27,44.191525,-94.189041,6683.07,0/0/2000,17:17:44,fix,-2,32,-5,296.34,299.71,296.21,288.40,,63.33,
0:35:32,44.191719,-94.188820,6689.63,0/0/2000,17:17:49,fix,-2,32,-5,296.34,299.71,296.21,288.40,,63.58,
0:35:37,44.191929,-94.188591,6699.48,0/0/2000,17:17:54,fix,-2,32,-5,296.34,299.77,296.27,288.46,,63.45,
0:35:42,44.192085,-94.188354,6712.60,0/0/2000,17:17:59,fix,-2,32,-5,296.40,299.77,296.27,288.52,,63.33,
0:35:47,44.192291,-94.188118,6722.44,0/0/2000,17:18:4,fix,-2,32,-5,296.40,299.77,296.34,288.52,,63.20,
0:35:52,44.192474,-94.187866,6735.56,0/0/2000,17:18:9,fix,-2,32,-5,296.46,299.77,296.34,288.52,,63.20,
0:35:57,44.192673,-94.187607,6745.41,0/0/2000,17:18:14,fix,-2,32,-5,296.46,299.71,296.40,288.59,,63.20,
0:36:02,44.192863,-94.187340,6755.25,0/0/2000,17:18:19,fix,-2,32,-5,296.46,299.71,296.40,288.59,,63.33,
0:36:07,44.193047,-94.187050,6761.81,0/0/2000,17:18:24,fix,-2,32,-5,296.52,299.71,296.46,288.65,,63.20,
0:36:12,44.193275,-94.186790,6765.09,0/0/2000,17:18:29,fix,-2,32,-5,296.52,299.71,296.46,288.65,,63.20,
0:36:17,44.193489,-94.186531,6771.65,0/0/2000,17:18:34,fix,-2,32,-5,296.52,299.71,296.52,288.65,,63.20,
0:36:22,44.193718,-94.186279,6774.93,0/0/2000,17:18:39,fix,-2,32,-5,296.59,299.71,296.52,288.71,,63.20,
0:36:27,44.193909,-94.186020,6778.21,0/0/2000,17:18:44,fix,-2,32,-5,296.65,299.71,296.52,288.71,,63.07,
0:36:32,44.194096,-94.185745,6781.50,0/0/2000,17:18:49,fix,-3,36,-4,296.65,299.77,296.59,288.71,,62.95,
0:36:37,44.194305,-94.185493,6788.06,0/0/2000,17:18:54,fix,-4,34,-6,296.65,299.34,296.65,288.59,,63.33,
0:36:42,44.194313,-94.184921,6791.34,0/0/2000,17:18:59,fix,-1,35,-3,296.65,296.96,296.71,287.90,,63.58,
0:36:47,44.194508,-94.184708,6791.34,0/0/2000,17:19:4,fix,-1,35,-3,296.65,294.52,296.77,287.34,,63.96,
0:36:52,0.000000,0.000000,0.00,0/0/2000,00:00:00,No Fix,-2,31,-1,296.65,293.77,296.84,286.77,,64.21,
0:36:57,0.000000,0.000000,0.00,0/0/2000,00:00:00,No Fix,-5,34,-2,296.65,293.59,296.84,285.71,,64.84,
0:37:02,0.000000,0.000000,0.00,0/0/2000,00:00:00,No Fix,-7,37,-3,296.65,292.65,296.90,285.09,,65.09,
0:37:07,0.000000,0.000000,0.00,0/0/2000,00:00:00,No Fix,-2,34,-3,296.65,291.96,296.90,284.40,,65.35,
0:37:12,0.000000,0.000000,0.00,0/0/2000,00:00:00,No Fix,-4,39,1,296.65,292.71,296.90,283.46,,65.85,
0:37:17,0.000000,0.000000,0.00,0/0/2000,00:00:00,No Fix,-2,34,-5,296.59,292.59,296.96,283.09,,66.10,
0:37:22,0.000000,0.000000,0.00,0/0/2000,00:00:00,No Fix,-7,32,-2,296.59,292.21,296.96,282.84,,66.73,
0:37:27,44.195148,-94.184761,6988.19,0/0/2000,17:19:42,fix,-1,35,-2,296.59,291.71,296.96,282.46,,66.73,
0:37:32,44.195091,-94.184746,6994.75,0/0/2000,17:19:48,fix,-2,30,-2,296.52,290.77,296.96,281.96,,67.24,
0:37:37,44.195042,-94.184525,6994.75,0/0/2000,17:19:52,fix,-2,33,-1,296.52,291.15,296.96,281.59,,67.49,
0:37:42,0.000000,0.000000,0.00,0/0/2000,00:00:00,No Fix,1,36,-7,296.52,291.15,296.96,281.34,,68.00,
0:37:47,0.000000,0.000000,0.00,0/0/2000,00:00:00,No Fix,0,31,-3,296.46,290.65,296.96,281.02,,68.50,
0:37:52,0.000000,0.000000,0.00,0/0/2000,00:00:00,No Fix,2,32,-6,296.46,290.40,296.96,280.77,,68.75,
0:37:57,44.195919,-94.183533,6991.47,0/0/2000,17:20:14,fix,0,32,-2,296.40,290.40,296.96,280.46,,66.86,
0:38:02,44.195820,-94.183411,6994.75,0/0/2000,17:20:18,fix,-4,36,-2,296.40,289.77,296.96,280.21,,67.37,
0:38:07,0.000000,0.000000,0.00,0/0/2000,00:00:00,No Fix,1,31,-4,296.34,289.77,296.90,280.02,,69.89,
0:38:12,0.000000,0.000000,0.00,0/0/2000,00:00:00,No Fix,-1,37,-2,296.27,289.65,296.90,279.84,,70.27,
0:38:17,0.000000,0.000000,0.00,0/0/2000,00:00:00,No Fix,-2,39,-2,296.27,289.59,296.90,279.65,,70.77,
0:38:22,0.000000,0.000000,0.00,0/0/2000,00:00:00,No Fix,-5,35,1,296.21,289.90,296.90,279.34,,71.15,
0:38:27,0.000000,0.000000,0.00,0/0/2000,00:00:00,No Fix,-9,41,0,296.15,290.34,296.90,278.90,,71.28,
0:38:32,0.000000,0.000000,0.00,0/0/2000,00:00:00,No Fix,-7,38,-4,296.02,290.02,296.84,278.65,,71.91,
0:38:37,0.000000,0.000000,0.00,0/0/2000,00:00:00,No Fix,-7,35,-1,295.96,290.40,296.84,278.27,,72.29,
0:38:42,0.000000,0.000000,0.00,0/0/2000,00:00:00,No Fix,-8,38,0,295.90,290.96,296.77,277.96,,72.67,
0:38:47,0.000000,0.000000,0.00,0/0/2000,00:00:00,No Fix,-5,41,0,295.77,291.34,296.71,277.71,,73.17,
0:38:52,0.000000,0.000000,0.00,0/0/2000,00:00:00,No Fix,-5,39,-1,295.71,291.52,296.65,277.40,,73.43,
0:38:57,0.000000,0.000000,0.00,0/0/2000,00:00:00,No Fix,-8,42,-1,295.59,291.84,296.59,277.27,,73.93,
0:39:02,0.000000,0.000000,0.00,0/0/2000,00:00:00,No Fix,-8,42,-1,295.52,291.96,296.59,277.09,,74.31,
0:39:07,44.197803,-94.182320,7014.44,0/0/2000,17:21:23,fix,-6,34,-1,295.40,291.71,296.52,277.02,,74.81,
0:39:12,0.000000,0.000000,0.00,0/0/2000,00:00:00,No Fix,-6,39,-2,295.34,291.84,296.46,276.96,,72.79,
0:39:17,0.000000,0.000000,0.00,0/0/2000,00:00:00,No Fix,-6,34,-1,295.21,292.09,296.46,276.84,,75.82,
0:39:22,0.000000,0.000000,0.00,0/0/2000,00:00:00,No Fix,-6,38,-3,295.09,292.02,296.34,276.84,,75.95,
0:39:27,0.000000,0.000000,0.00,0/0/2000,00:00:00,No Fix,-6,38,-1,295.02,292.15,296.34,276.77,,76.58,
0:39:32,0.000000,0.000000,0.00,0/0/2000,00:00:00,No Fix,-5,32,-3,294.90,292.15,296.27,276.77,,76.96,
0:39:37,0.000000,0.000000,0.00,0/0/2000,00:00:00,No Fix,-7,38,-2,294.77,292.21,296.21,276.71,,77.21,
0:39:42,0.000000,0.000000,0.00,0/0/2000,00:00:00,No Fix,-8,41,-1,294.71,292.40,296.15,276.71,,77.59,
0:39:47,44.199169,-94.182564,7116.14,0/0/2000,17:22:3,fix,-3,34,-2,294.59,291.71,296.09,276.77,,77.97,
0:39:52,44.198845,-94.182472,7168.63,0/0/2000,17:22:8,fix,-3,35,-1,294.46,291.40,296.09,276.90,,78.48,
0:39:57,0.000000,0.000000,0.00,0/0/2000,00:00:00,No Fix,-6,41,1,294.40,291.27,296.02,276.96,,78.85,
0:40:02,44.198948,-94.182648,7234.25,0/0/2000,17:22:18,fix,-5,35,0,294.34,291.21,295.96,277.09,,79.36,
0:40:07,44.199100,-94.182854,7253.94,0/0/2000,17:22:23,fix,-6,38,-1,294.21,290.96,295.84,277.15,,79.61,
0:40:12,44.199341,-94.182785,7247.38,0/0/2000,17:22:28,fix,-7,37,-3,294.09,290.27,295.84,277.27,,80.12,
0:40:17,44.199352,-94.182915,7247.38,0/0/2000,17:22:33,fix,-7,39,-3,294.02,289.90,295.77,277.40,,77.84,
0:40:22,44.199409,-94.182846,7240.81,0/0/2000,17:22:38,fix,-5,36,-1,293.96,290.27,295.71,277.46,,81.00,
0:40:27,0.000000,0.000000,0.00,0/0/2000,00:00:00,No Fix,-5,39,-2,293.84,290.77,295.71,277.52,,81.38,
0:40:32,0.000000,0.000000,0.00,0/0/2000,00:00:00,No Fix,-5,39,-2,293.77,290.52,295.65,277.59,,81.63,
0:40:37,0.000000,0.000000,0.00,0/0/2000,00:00:00,No Fix,-1,40,-3,293.71,290.21,295.59,277.65,,82.01,
0:40:42,0.000000,0.000000,0.00,0/0/2000,00:00:00,No Fix,-3,30,-2,293.65,290.15,295.59,277.77,,82.51,
0:40:47,0.000000,0.000000,0.00,0/0/2000,00:00:00,No Fix,-5,43,1,293.59,289.96,295.59,277.90,,82.89,
0:40:52,44.199791,-94.183075,7155.51,0/0/2000,17:23:8,fix,-6,35,1,293.52,289.90,295.52,278.02,,83.15,
0:40:57,44.200195,-94.183105,7135.83,0/0/2000,17:23:13,fix,-9,37,0,293.40,289.46,295.52,278.09,,83.78,
0:41:02,44.200359,-94.183174,7116.14,0/0/2000,17:23:18,fix,-5,34,-3,293.34,289.21,295.52,278.21,,84.16,
0:41:07,0.000000,0.000000,0.00,0/0/2000,00:00:00,No Fix,-1,35,-3,293.27,288.90,295.46,278.34,,84.53,
0:41:12,44.200584,-94.183319,7060.37,0/0/2000,17:23:28,fix,1,34,-3,293.27,288.90,295.46,278.40,,85.04,
0:41:17,0.000000,0.000000,0.00,0/0/2000,00:00:00,No Fix,0,38,-3,293.21,288.96,295.40,278.52,,85.42,
0:41:22,0.000000,0.000000,0.00,0/0/2000,00:00:00,No Fix,-5,34,0,293.15,288.96,295.40,278.59,,84.53,
0:41:27,0.000000,0.000000,0.00,0/0/2000,00:00:00,No Fix,-7,36,-1,293.09,288.96,295.40,278.71,,86.05,
0:41:32,44.200974,-94.183357,6965.22,0/0/2000,17:23:48,fix,-9,36,0,293.09,288.96,295.40,278.77,,86.43,
0:41:37,44.201218,-94.183388,6935.70,0/0/2000,17:23:53,fix,-5,33,-4,293.02,288.77,295.40,278.90,,86.81,
0:41:42,0.000000,0.000000,0.00,0/0/2000,00:00:00,No Fix,-5,30,-3,292.96,288.65,295.34,278.96,,87.31,
0:41:47,0.000000,0.000000,0.00,0/0/2000,00:00:00,No Fix,-5,43,0,292.90,288.59,295.34,279.09,,87.82,
0:41:52,0.000000,0.000000,0.00,0/0/2000,00:00:00,No Fix,-6,32,-3,292.90,289.21,295.27,279.15,,88.20,
0:41:57,44.201599,-94.183289,6876.64,0/0/2000,17:24:13,fix,-5,37,0,292.77,289.59,295.27,279.21,,88.57,
0:42:02,44.201820,-94.183128,6863.52,0/0/2000,17:24:18,fix,-8,40,-4,292.77,289.65,295.27,279.27,,88.83,
0:42:07,0.000000,0.000000,0.00,0/0/2000,00:00:00,No Fix,-5,36,-2,292.71,290.02,295.21,279.34,,89.21,
0:42:12,0.000000,0.000000,0.00,0/0/2000,00:00:00,No Fix,-6,33,-3,292.65,289.84,295.21,279.40,,89.96,
0:42:17,44.202496,-94.182877,6827.43,0/0/2000,17:24:33,fix,-4,35,-1,292.59,289.96,295.15,279.46,,90.22,
0:42:22,0.000000,0.000000,0.00,0/0/2000,00:00:00,No Fix,-7,35,-3,292.52,289.84,295.15,279.52,,90.47,
0:42:27,44.202549,-94.182808,6791.34,0/0/2000,17:24:43,fix,-9,44,1,292.52,290.15,295.15,279.59,,88.32,
0:42:32,0.000000,0.000000,0.00,0/0/2000,00:00:00,No Fix,-5,39,1,292.46,290.40,295.09,279.71,,91.60,
0:42:37,0.000000,0.000000,0.00,0/0/2000,00:00:00,No Fix,-4,39,0,292.34,290.52,295.02,279.77,,91.98,
0:42:42,44.202862,-94.182625,6768.37,0/0/2000,17:24:58,fix,-8,39,-2,292.34,290.46,295.02,279.84,,92.49,
0:42:47,44.202995,-94.182480,6755.25,0/0/2000,17:25:3,fix,-9,38,-3,292.34,290.27,295.02,279.96,,92.87,
0:42:52,44.203033,-94.182182,6748.69,0/0/2000,17:25:8,fix,-3,42,0,292.27,290.27,295.02,280.02,,93.37,
0:42:57,0.000000,0.000000,0.00,0/0/2000,00:00:00,No Fix,-6,30,-3,292.21,289.96,294.96,280.09,,93.88,
0:43:02,0.000000,0.000000,0.00,0/0/2000,00:00:00,No Fix,-8,38,-2,292.21,289.65,294.96,280.15,,94.13,
0:43:07,0.000000,0.000000,0.00,0/0/2000,00:00:00,No Fix,-8,37,-4,292.21,288.96,294.96,280.15,,94.63,
0:43:12,0.000000,0.000000,0.00,0/0/2000,00:00:00,No Fix,-3,33,-2,292.21,288.71,294.96,280.09,,95.01,
0:43:17,44.203304,-94.181267,6725.72,0/0/2000,17:25:33,fix,-1,35,-3,292.21,288.52,294.96,280.09,,95.64,
0:43:22,0.000000,0.000000,0.00,0/0/2000,00:00:00,No Fix,1,39,-2,292.15,288.27,294.96,280.09,,95.77,
0:43:27,44.203995,-94.180931,6712.60,0/0/2000,17:25:43,fix,0,38,-4,292.15,288.34,294.96,280.02,,96.28,
0:43:32,0.000000,0.000000,0.00,0/0/2000,00:00:00,No Fix,-2,32,2,292.21,288.34,294.96,280.02,,99.81,
0:43:37,0.000000,0.000000,0.00,0/0/2000,00:00:00,No Fix,-8,35,1,292.15,288.34,294.96,279.96,,97.29,
0:43:42,44.204021,-94.182625,6617.45,0/0/2000,17:25:58,fix,-8,39,1,292.15,288.21,295.02,279.96,,97.66,
0:43:47,0.000000,0.000000,0.00,0/0/2000,00:00:00,No Fix,-6,34,-5,292.15,288.15,294.96,279.96,,98.17,
0:43:52,0.000000,0.000000,0.00,0/0/2000,00:00:00,No Fix,-5,34,-4,292.15,288.02,294.96,279.96,,98.67,
0:43:57,44.203831,-94.182999,6581.37,0/0/2000,17:26:13,fix,-6,31,-3,292.15,287.65,294.96,279.96,,98.93,
0:44:02,44.203880,-94.182945,6578.08,0/0/2000,17:26:18,fix,-4,36,-1,292.15,287.59,295.02,280.02,,99.56,
0:44:07,44.203865,-94.183167,6558.40,0/0/2000,17:26:23,fix,-1,38,-3,292.15,287.59,294.96,280.09,,100.06,
0:44:12,0.000000,0.000000,0.00,0/0/2000,00:00:00,No Fix,0,42,-3,292.09,287.59,295.02,280.09,,100.57,
0:44:17,0.000000,0.000000,0.00,0/0/2000,00:00:00,No Fix,2,35,-1,292.09,287.71,295.02,280.21,,100.82,
0:44:22,44.203739,-94.183327,6522.31,0/0/2000,17:26:38,fix,-10,-31,2,292.09,288.21,295.02,280.27,,100.32,
0:44:27,44.203793,-94.183159,6512.47,0/0/2000,17:26:43,fix,-10,-31,2,292.09,288.52,295.02,280.40,,100.44,
0:44:32,44.203827,-94.182976,6505.91,0/0/2000,17:26:48,fix,-10,-31,1,292.09,288.84,295.02,280.52,,100.19,
0:44:37,44.203854,-94.182861,6499.34,0/0/2000,17:26:53,fix,-10,-31,2,292.09,289.09,295.02,280.65,,100.06,
0:44:42,44.203876,-94.182701,6489.50,0/0/2000,17:26:58,fix,-10,-31,1,292.09,289.27,295.02,280.77,,100.69,
0:44:47,44.203907,-94.182518,6476.38,0/0/2000,17:27:3,fix,-10,-31,2,292.09,289.46,295.09,280.96,,100.44,
0:44:52,44.203945,-94.182381,6469.82,0/0/2000,17:27:8,fix,-10,-31,2,292.15,289.59,295.15,281.09,,100.44,
0:44:57,44.203926,-94.182304,6463.25,0/0/2000,17:27:13,fix,-10,-31,2,292.15,289.84,295.15,281.21,,100.69,
0:45:02,44.203945,-94.182182,6456.69,0/0/2000,17:27:18,fix,-10,-31,1,292.15,289.96,295.21,281.40,,100.44,
0:45:07,44.203995,-94.182022,6450.13,0/0/2000,17:27:23,fix,-10,-31,2,292.21,290.09,295.21,281.52,,100.57,
0:45:12,44.203983,-94.181953,6443.57,0/0/2000,17:27:28,fix,-10,-31,1,292.21,290.21,295.21,281.71,,100.57,
0:45:17,44.204014,-94.181854,6440.29,0/0/2000,17:27:33,fix,-10,-31,2,292.27,290.40,295.27,281.90,,100.69,
0:45:22,44.204033,-94.181740,6433.73,0/0/2000,17:27:38,fix,-10,-31,1,292.27,290.52,295.34,282.09,,100.44,
0:45:27,44.204060,-94.181618,6427.17,0/0/2000,17:27:43,fix,-10,-31,2,292.34,290.65,295.34,282.21,,100.82,
0:45:32,44.204086,-94.181450,6417.32,0/0/2000,17:27:48,fix,-10,-31,2,292.40,290.77,295.40,282.40,,100.57,
0:45:37,44.204113,-94.181305,6410.76,0/0/2000,17:27:53,fix,-10,-31,2,292.40,290.96,295.40,282.52,,100.44,
0:45:42,44.204109,-94.181183,6404.20,0/0/2000,17:27:58,fix,-10,-31,2,292.46,291.02,295.46,282.71,,100.57,
0:45:47,44.204121,-94.181107,6400.92,0/0/2000,17:28:3,fix,-10,-31,2,292.46,291.15,295.46,282.84,,100.69,
0:45:52,44.204113,-94.181053,6397.64,0/0/2000,17:28:8,fix,-10,-31,2,292.52,291.27,295.52,283.02,,100.57,
0:45:57,44.204109,-94.180992,6391.08,0/0/2000,17:28:13,fix,-10,-31,2,292.59,291.34,295.52,283.21,,100.57,
0:46:02,44.204136,-94.180847,6384.51,0/0/2000,17:28:18,fix,-10,-31,2,292.59,291.46,295.59,283.34,,100.69,
0:46:07,44.204159,-94.180756,6381.23,0/0/2000,17:28:23,fix,-10,-31,1,292.65,291.52,295.59,283.52,,100.44,
0:46:12,44.204151,-94.180695,6377.95,0/0/2000,17:28:28,fix,-10,-31,2,292.71,291.65,295.65,283.65,,100.69,
0:46:17,44.204132,-94.180618,6374.67,0/0/2000,17:28:33,fix,-10,-31,2,292.71,291.71,295.71,283.84,,100.57,
0:46:22,44.204144,-94.180527,6368.11,0/0/2000,17:28:38,fix,-10,-31,2,292.77,291.84,295.71,284.02,,100.44,
0:46:27,44.204174,-94.180405,6361.55,0/0/2000,17:28:43,fix,-10,-31,2,292.84,291.96,295.77,284.15,,100.57,
0:46:32,44.204193,-94.180283,6354.99,0/0/2000,17:28:48,fix,-10,-31,2,292.84,292.02,295.77,284.34,,100.44,
0:46:37,44.204197,-94.180237,6351.71,0/0/2000,17:28:53,fix,-10,-31,2,292.90,292.15,295.84,284.46,,100.57,
0:46:42,44.204235,-94.180099,6348.42,0/0/2000,17:28:58,fix,-10,-31,2,292.96,292.27,295.84,284.59,,100.32,
0:46:47,44.204231,-94.180023,6341.86,0/0/2000,17:29:3,fix,-10,-31,1,292.96,292.40,295.90,284.71,,96.65,
0:46:52,44.204216,-94.179962,6338.58,0/0/2000,17:29:8,fix,-10,-31,2,293.02,292.52,295.90,284.84,,100.57,
0:46:57,44.204220,-94.179878,6335.30,0/0/2000,17:29:13,fix,-10,-31,2,293.09,292.59,295.90,284.96,,102.21,
0:47:02,44.204239,-94.179817,6332.02,0/0/2000,17:29:18,fix,-10,-31,2,293.15,292.71,295.96,285.09,,100.57,
0:47:07,44.204247,-94.179749,6328.74,0/0/2000,17:29:23,fix,-10,-31,2,293.15,292.84,295.96,285.21,,100.57,
0:47:12,44.204262,-94.179688,6325.46,0/0/2000,17:29:28,fix,-10,-31,2,293.21,292.90,296.02,285.34,,100.57,
0:47:17,44.204285,-94.179573,6318.90,0/0/2000,17:29:33,fix,-10,-31,1,293.21,293.02,296.02,285.46,,101.70,
0:47:22,44.204266,-94.179489,6315.62,0/0/2000,17:29:38,fix,-10,-31,2,293.27,293.09,296.09,285.59,,100.57,
0:47:27,44.204258,-94.179413,6312.34,0/0/2000,17:29:43,fix,-10,-31,2,293.34,293.27,296.09,285.65,,100.44,
0:47:32,44.204239,-94.179352,6309.06,0/0/2000,17:29:48,fix,-10,-31,2,293.40,293.34,296.15,285.77,,100.57,
0:47:37,44.204227,-94.179314,6305.77,0/0/2000,17:29:53,fix,-10,-31,2,293.40,293.46,296.15,285.90,,100.32,
0:47:42,44.204208,-94.179291,6302.49,0/0/2000,17:29:58,fix,-10,-31,1,293.46,293.52,296.21,285.96,,100.44,
0:47:47,44.204174,-94.179283,6299.21,0/0/2000,17:30:3,fix,-10,-31,2,293.52,293.65,296.21,286.09,,100.32,
0:47:52,44.204185,-94.179199,6295.93,0/0/2000,17:30:8,fix,-10,-31,2,293.52,293.77,296.27,286.21,,100.57,
0:47:57,44.204208,-94.179131,6292.65,0/0/2000,17:30:13,fix,-10,-31,2,293.59,293.84,296.27,286.27,,100.57,
0:48:02,44.204197,-94.179070,6289.37,0/0/2000,17:30:18,fix,-10,-31,2,293.65,293.90,296.34,286.34,,100.44,
0:48:07,44.204201,-94.179047,6286.09,0/0/2000,17:30:23,fix,-10,-31,2,293.65,293.96,296.34,286.46,,100.57,
0:48:12,44.204185,-94.178993,6282.81,0/0/2000,17:30:28,fix,-10,-31,2,293.71,294.02,296.40,286.59,,100.57,
0:48:17,44.204208,-94.178932,6282.81,0/0/2000,17:30:33,fix,-10,-31,1,293.77,294.15,296.40,286.65,,100.57,
0:48:22,44.204227,-94.178909,6276.25,0/0/2000,17:30:38,fix,-10,-31,2,293.84,294.21,296.46,286.77,,100.44,
0:48:27,44.204250,-94.178856,6272.97,0/0/2000,17:30:43,fix,-10,-31,2,293.84,294.34,296.46,286.84,,100.44,
0:48:32,44.204254,-94.178856,6266.40,0/0/2000,17:30:48,fix,-10,-31,2,293.90,294.40,296.52,286.96,,100.44,
0:48:37,44.204269,-94.178810,6263.12,0/0/2000,17:30:53,fix,-10,-31,2,293.90,294.46,296.52,287.02,,100.44,
0:48:42,44.204288,-94.178757,6259.84,0/0/2000,17:30:58,fix,-10,-31,2,293.96,294.52,296.59,287.15,,100.44,
0:48:47,44.204319,-94.178719,6256.56,0/0/2000,17:31:3,fix,-10,-31,2,293.96,294.52,296.59,287.21,,100.32,
0:48:52,44.204342,-94.178680,6256.56,0/0/2000,17:31:8,fix,-10,-31,1,294.02,294.59,296.65,287.34,,100.44,
0:48:57,44.204350,-94.178665,6250.00,0/0/2000,17:31:13,fix,-10,-31,2,294.09,294.65,296.65,287.46,,100.57,
0:49:02,44.204372,-94.178627,6246.72,0/0/2000,17:31:18,fix,-10,-31,2,294.15,294.71,296.71,287.52,,100.32,
0:49:07,44.204357,-94.178627,6240.16,0/0/2000,17:31:23,fix,-10,-31,2,294.15,294.84,296.71,287.59,,100.57,
0:49:12,44.204376,-94.178604,6236.88,0/0/2000,17:31:28,fix,-10,-31,2,294.21,294.90,296.77,287.71,,100.69,
0:49:17,44.204380,-94.178635,6233.60,0/0/2000,17:31:33,fix,-10,-31,2,294.21,294.90,296.77,287.77,,100.57,
0:49:22,44.204372,-94.178650,6227.03,0/0/2000,17:31:38,fix,-10,-31,2,294.27,294.96,296.84,287.90,,100.44,
0:49:27,44.204380,-94.178642,6223.75,0/0/2000,17:31:43,fix,-10,-31,2,294.34,295.02,296.84,287.96,,100.57,
0:49:32,44.204399,-94.178642,6217.19,0/0/2000,17:31:48,fix,-10,-31,2,294.34,295.09,296.84,288.02,,100.44,
0:49:37,44.204384,-94.178650,6213.91,0/0/2000,17:31:53,fix,-10,-31,2,294.40,295.21,296.90,288.09,,100.32,
0:49:42,44.204414,-94.178581,6210.63,0/0/2000,17:31:58,fix,-10,-31,2,294.40,295.27,296.90,288.15,,100.44,
0:49:47,44.204441,-94.178596,6204.07,0/0/2000,17:32:3,fix,-10,-31,2,294.46,295.34,296.90,288.27,,101.20,
0:49:52,44.204445,-94.178574,6200.79,0/0/2000,17:32:8,fix,-10,-31,2,294.52,295.40,296.96,288.34,,100.57,
0:49:57,44.204502,-94.178558,6194.23,0/0/2000,17:32:13,fix,-10,-31,2,294.52,295.46,296.96,288.40,,100.57,
0:50:02,44.204510,-94.178581,6190.94,0/0/2000,17:32:18,fix,-10,-31,1,294.59,295.52,297.02,288.52,,100.57,
0:50:07,44.204491,-94.178619,6184.38,0/0/2000,17:32:23,fix,-10,-31,2,294.59,295.52,297.02,288.52,,100.95,
0:50:12,44.204456,-94.178658,6181.10,0/0/2000,17:32:28,fix,-10,-31,2,294.65,295.65,297.02,288.65,,100.32,
0:50:17,44.204472,-94.178635,6181.10,0/0/2000,17:32:33,fix,-10,-31,2,294.71,295.71,297.09,288.71,,100.69,
0:50:22,44.204479,-94.178650,6174.54,0/0/2000,17:32:38,fix,-10,-31,2,294.71,295.71,297.09,288.77,,100.32,
0:50:27,44.204510,-94.178627,6167.98,0/0/2000,17:32:43,fix,-10,-31,2,294.77,295.84,297.15,288.84,,100.44,
0:50:32,44.204510,-94.178642,6164.70,0/0/2000,17:32:48,fix,-10,-31,1,294.77,295.90,297.15,288.90,,100.82,
0:50:37,44.204494,-94.178642,6158.14,0/0/2000,17:32:53,fix,-10,-31,2,294.84,295.96,297.21,288.96,,100.44,
0:50:42,44.204502,-94.178665,6151.58,0/0/2000,17:32:58,fix,-10,-31,2,294.84,296.02,297.21,289.02,,100.57,
0:50:47,44.204517,-94.178680,6148.29,0/0/2000,17:33:3,fix,-10,-31,2,294.90,296.09,297.21,289.09,,100.57,
0:50:52,44.204514,-94.178680,6145.01,0/0/2000,17:33:8,fix,-10,-31,2,294.96,296.15,297.27,289.09,,100.69,
0:50:57,44.204510,-94.178688,6141.73,0/0/2000,17:33:13,fix,-10,-31,2,294.96,296.21,297.27,289.21,,100.44,
0:51:02,44.204559,-94.178711,6131.89,0/0/2000,17:33:18,fix,-10,-31,1,295.02,296.21,297.34,289.27,,100.57,
0:51:07,44.204597,-94.178726,6128.61,0/0/2000,17:33:23,fix,-10,-31,1,295.02,296.27,297.40,289.34,,100.57,
0:51:12,44.204605,-94.178757,6122.05,0/0/2000,17:33:28,fix,-10,-31,2,295.09,296.34,297.40,289.40,,100.44,
0:51:17,44.204636,-94.178749,6115.49,0/0/2000,17:33:33,fix,-10,-31,1,295.09,296.46,297.40,289.46,,100.44,
0:51:22,44.204636,-94.178787,6112.21,0/0/2000,17:33:38,fix,-10,-31,1,295.15,296.46,297.46,289.46,,100.69,
0:51:27,44.204689,-94.178772,6105.64,0/0/2000,17:33:43,fix,-10,-31,1,295.15,296.59,297.46,289.52,,100.44,
0:51:32,44.204704,-94.178818,6099.08,0/0/2000,17:33:48,fix,-10,-31,1,295.21,296.59,297.46,289.59,,100.69,
0:51:37,44.204697,-94.178825,6095.80,0/0/2000,17:33:53,fix,-10,-31,2,295.27,296.59,297.52,289.65,,100.57,
0:51:42,44.204750,-94.178780,6089.24,0/0/2000,17:33:58,fix,-10,-31,2,295.27,296.65,297.52,289.71,,100.57,
0:51:47,44.204758,-94.178864,6079.40,0/0/2000,17:34:3,fix,-10,-31,2,295.27,296.65,297.52,289.77,,100.57,
0:51:52,44.204769,-94.178917,6072.83,0/0/2000,17:34:8,fix,-10,-31,1,295.34,296.71,297.59,289.84,,100.57,
0:51:57,44.204758,-94.178993,6066.27,0/0/2000,17:34:13,fix,-10,-31,2,295.34,296.77,297.59,289.90,,96.91,
0:52:02,44.204781,-94.179031,6056.43,0/0/2000,17:34:18,fix,-10,-31,1,295.40,296.77,297.65,289.96,,99.68,
0:52:07,44.204842,-94.179031,6053.15,0/0/2000,17:34:23,fix,-10,-31,2,295.40,296.84,297.65,290.02,,100.44,
0:52:12,44.204838,-94.179047,6046.59,0/0/2000,17:34:28,fix,-10,-31,2,295.46,296.84,297.71,290.02,,100.69,
0:52:17,44.204834,-94.179031,6043.31,0/0/2000,17:34:33,fix,-10,-31,2,295.46,296.90,297.71,290.02,,100.44,
0:52:22,44.204857,-94.179070,6036.75,0/0/2000,17:34:38,fix,-10,-31,2,295.52,296.96,297.71,290.02,,100.57,
0:52:27,44.204861,-94.179108,6030.18,0/0/2000,17:34:43,fix,-10,-31,1,295.59,296.96,297.71,290.09,,100.69,
0:52:32,44.204861,-94.179146,6026.90,0/0/2000,17:34:48,fix,-10,-31,1,295.59,297.09,297.77,290.15,,100.19,
0:52:37,44.204861,-94.179184,6023.62,0/0/2000,17:34:53,fix,-10,-31,2,295.59,297.09,297.77,290.15,,100.57,
0:52:42,44.204853,-94.179184,6017.06,0/0/2000,17:34:58,fix,-10,-31,2,295.65,297.09,297.84,290.21,,100.44,
0:52:47,44.204926,-94.179176,6007.22,0/0/2000,17:35:3,fix,-10,-31,2,295.65,297.15,297.84,290.27,,100.57,
0:52:52,44.204952,-94.179184,6000.66,0/0/2000,17:35:8,fix,-10,-31,2,295.71,297.15,297.84,290.27,,100.44,
0:52:57,44.204971,-94.179138,5997.38,0/0/2000,17:35:13,fix,-10,-31,1,295.71,297.15,297.90,290.34,,100.57,
0:53:02,44.205006,-94.179131,5987.53,0/0/2000,17:35:18,fix,-10,-31,2,295.77,297.21,297.90,290.34,,100.44,
0:53:07,44.204998,-94.179199,5980.97,0/0/2000,17:35:23,fix,-10,-31,2,295.84,297.21,297.90,290.34,,100.69,
0:53:12,44.205032,-94.179207,5971.13,0/0/2000,17:35:28,fix,-10,-31,2,295.84,297.27,297.96,290.34,,100.57,
0:53:17,44.205090,-94.179184,5964.57,0/0/2000,17:35:33,fix,-10,-31,1,295.84,297.27,297.96,290.34,,100.69,
0:53:22,44.205109,-94.179214,5958.00,0/0/2000,17:35:38,fix,-10,-31,2,295.90,297.34,297.96,290.40,,100.57,
0:53:27,44.205128,-94.179245,5954.72,0/0/2000,17:35:43,fix,-10,-31,2,295.90,297.34,298.02,290.46,,100.57,
0:53:32,44.205135,-94.179283,5951.44,0/0/2000,17:35:48,fix,-10,-31,1,295.90,297.40,298.02,290.46,,100.69,
0:53:37,44.205193,-94.179214,5941.60,0/0/2000,17:35:53,fix,-10,-31,2,295.96,297.40,298.02,290.52,,100.57,
0:53:42,44.205242,-94.179207,5935.04,0/0/2000,17:35:58,fix,-10,-31,2,295.96,297.46,298.02,290.59,,100.57,
0:53:47,44.205292,-94.179169,5928.48,0/0/2000,17:36:3,fix,-10,-31,1,296.02,297.46,298.09,290.65,,100.57,
0:53:52,44.205357,-94.179161,5918.63,0/0/2000,17:36:8,fix,-10,-31,2,296.02,297.46,298.09,290.65,,100.69,
0:53:57,44.205379,-94.179153,5915.35,0/0/2000,17:36:13,fix,-10,-31,2,296.09,297.52,298.15,290.65,,100.44,
0:54:02,44.205379,-94.179153,5905.51,0/0/2000,17:36:18,fix,-10,-31,2,296.09,297.59,298.15,290.71,,100.57,
0:54:07,44.205441,-94.179138,5898.95,0/0/2000,17:36:23,fix,-10,-31,2,296.09,297.65,298.15,290.71,,100.82,
0:54:12,44.205482,-94.179100,5892.39,0/0/2000,17:36:28,fix,-10,-31,1,296.15,297.71,298.15,290.71,,100.57,
0:54:17,44.205505,-94.179077,5889.11,0/0/2000,17:36:33,fix,-10,-31,1,296.15,297.71,298.21,290.71,,100.44,
0:54:22,44.205524,-94.179070,5879.27,0/0/2000,17:36:38,fix,-10,-31,2,296.21,297.77,298.21,290.77,,100.82,
0:54:27,44.205589,-94.178993,5872.70,0/0/2000,17:36:43,fix,-10,-31,2,296.21,297.77,298.21,290.71,,100.44,
0:54:32,44.205654,-94.178947,5859.58,0/0/2000,17:36:48,fix,-10,-31,2,296.21,297.84,298.27,290.71,,100.57,
0:54:37,44.205692,-94.178925,5853.02,0/0/2000,17:36:53,fix,-10,-31,2,296.27,297.84,298.27,290.71,,100.69,
0:54:42,44.205692,-94.178940,5846.46,0/0/2000,17:36:58,fix,-10,-31,2,296.27,297.90,298.27,290.77,,100.44,
0:54:47,44.205708,-94.178947,5839.90,0/0/2000,17:37:3,fix,-10,-31,2,296.27,297.96,298.27,290.77,,100.57,
0:54:52,44.205742,-94.178940,5830.05,0/0/2000,17:37:8,fix,-10,-31,2,296.34,297.96,298.34,290.77,,100.57,
0:54:57,44.205791,-94.178894,5823.49,0/0/2000,17:37:13,fix,-10,-31,2,296.34,297.96,298.34,290.84,,100.44,
0:55:02,44.205811,-94.178894,5813.65,0/0/2000,17:37:18,fix,-10,-31,2,296.40,298.02,298.34,290.84,,100.57,
0:55:07,44.205853,-94.178917,5807.09,0/0/2000,17:37:23,fix,-10,-31,1,296.40,298.09,298.34,290.90,,100.69,
0:55:12,44.205910,-94.178841,5800.52,0/0/2000,17:37:28,fix,-10,-31,1,296.40,298.09,298.40,290.90,,100.44,
0:55:17,44.205956,-94.178810,5790.68,0/0/2000,17:37:33,fix,-10,-31,2,296.40,298.15,298.40,290.96,,100.69,
0:55:22,44.206013,-94.178787,5780.84,0/0/2000,17:37:38,fix,-10,-31,2,296.46,298.21,298.46,290.96,,100.57,
0:55:27,44.206085,-94.178787,5771.00,0/0/2000,17:37:43,fix,-10,-31,2,296.46,298.21,298.46,291.02,,100.82,
0:55:32,44.206196,-94.178719,5761.15,0/0/2000,17:37:48,fix,-10,-31,1,296.52,298.27,298.46,291.09,,100.44,
0:55:37,44.206245,-94.178711,5751.31,0/0/2000,17:37:53,fix,-10,-31,1,296.52,298.34,298.46,291.15,,100.57,
0:55:42,44.206249,-94.178726,5744.75,0/0/2000,17:37:58,fix,-10,-31,2,296.52,298.34,298.46,291.21,,100.57,
0:55:47,44.206318,-94.178673,5734.91,0/0/2000,17:38:3,fix,-10,-31,2,296.59,298.40,298.52,291.21,,100.44,
0:55:52,44.206394,-94.178650,5721.79,0/0/2000,17:38:8,fix,-10,-31,2,296.59,298.46,298.52,291.27,,100.32,
0:55:57,44.206440,-94.178619,5711.94,0/0/2000,17:38:13,fix,-10,-31,1,296.59,298.52,298.52,291.34,,100.44,
0:56:02,44.206436,-94.178619,5705.38,0/0/2000,17:38:18,fix,-10,-31,2,296.65,298.59,298.59,291.34,,100.69,
0:56:07,44.206444,-94.178612,5692.26,0/0/2000,17:38:23,fix,-10,-31,1,296.65,298.59,298.59,291.40,,100.57,
0:56:12,44.206497,-94.178589,5679.13,0/0/2000,17:38:28,fix,-10,-31,1,296.65,298.65,298.65,291.46,,100.57,
0:56:17,44.206543,-94.178520,5672.57,0/0/2000,17:38:33,fix,-10,-31,2,296.71,298.65,298.65,291.52,,100.44,
0:56:22,44.206577,-94.178497,5662.73,0/0/2000,17:38:38,fix,-10,-31,1,296.71,298.65,298.65,291.59,,100.57,
0:56:27,44.206619,-94.178459,5652.89,0/0/2000,17:38:43,fix,-10,-31,1,296.77,298.71,298.65,291.59,,100.57,
0:56:32,44.206722,-94.178383,5636.48,0/0/2000,17:38:48,fix,-10,-31,1,296.77,298.77,298.71,291.65,,100.44,
0:56:37,44.206757,-94.178368,5629.92,0/0/2000,17:38:53,fix,-10,-31,1,296.77,298.77,298.71,291.65,,100.57,
0:56:42,44.206802,-94.178375,5620.08,0/0/2000,17:38:58,fix,-10,-31,2,296.84,298.84,298.77,291.71,,100.32,
0:56:47,44.206848,-94.178352,5606.96,0/0/2000,17:39:3,fix,-10,-31,1,296.84,298.90,298.77,291.77,,100.57,
0:56:52,44.206905,-94.178337,5597.11,0/0/2000,17:39:8,fix,-10,-31,2,296.84,298.90,298.77,291.84,,100.57,
0:56:57,44.206966,-94.178307,5583.99,0/0/2000,17:39:13,fix,-10,-31,2,296.90,298.96,298.77,291.90,,100.69,
0:57:02,44.207001,-94.178291,5577.43,0/0/2000,17:39:18,fix,-10,-31,1,296.90,299.02,298.84,291.96,,101.07,
0:57:07,44.207054,-94.178246,5567.59,0/0/2000,17:39:23,fix,-10,-31,1,296.90,299.02,298.84,292.02,,100.57,
0:57:12,44.207108,-94.178238,5557.74,0/0/2000,17:39:28,fix,-10,-31,2,296.96,299.09,298.84,292.02,,100.44,
0:57:17,44.207146,-94.178238,5551.18,0/0/2000,17:39:33,fix,-10,-31,2,296.96,299.09,298.84,292.09,,100.57,
0:57:22,44.207191,-94.178246,5541.34,0/0/2000,17:39:38,fix,-10,-31,1,297.02,299.15,298.90,292.09,,96.78,
0:57:27,44.207203,-94.178276,5531.50,0/0/2000,17:39:43,fix,-10,-31,1,297.02,299.15,298.90,292.15,,100.57,
0:57:32,44.207222,-94.178329,5515.09,0/0/2000,17:39:48,fix,-10,-31,1,297.02,299.21,298.96,292.15,,100.57,
0:57:37,44.207211,-94.178345,5501.97,0/0/2000,17:39:53,fix,-10,-31,2,297.09,299.21,298.96,292.21,,100.57,
0:57:42,44.207203,-94.178391,5495.41,0/0/2000,17:39:58,fix,-10,-31,2,297.09,299.27,298.96,292.21,,100.57,
0:57:47,44.207302,-94.178352,5479.00,0/0/2000,17:40:3,fix,-10,-31,1,297.15,299.34,299.02,292.27,,100.57,
0:57:52,44.207355,-94.178360,5462.60,0/0/2000,17:40:8,fix,-10,-31,1,297.15,299.34,299.02,292.27,,100.57,
0:57:57,44.207420,-94.178307,5442.91,0/0/2000,17:40:13,fix,-10,-31,2,297.15,299.40,299.02,292.27,,100.57,
0:58:02,44.207439,-94.178314,5429.79,0/0/2000,17:40:18,fix,-10,-31,2,297.21,299.40,299.02,292.34,,100.57,
0:58:07,44.207508,-94.178261,5416.67,0/0/2000,17:40:23,fix,-10,-31,1,297.21,299.46,299.09,292.34,,100.44,
0:58:12,44.207508,-94.178230,5406.82,0/0/2000,17:40:28,fix,-10,-31,2,297.21,299.46,299.09,292.40,,100.57,
0:58:17,44.207523,-94.178223,5396.98,0/0/2000,17:40:33,fix,-10,-31,2,297.27,299.52,299.09,292.40,,100.69,
0:58:22,44.207542,-94.178207,5387.14,0/0/2000,17:40:38,fix,-10,-31,1,297.27,299.52,299.09,292.40,,100.69,
0:58:27,44.207603,-94.178177,5377.30,0/0/2000,17:40:43,fix,-10,-31,1,297.34,299.59,299.15,292.46,,97.03,
0:58:32,44.207603,-94.178185,5364.17,0/0/2000,17:40:48,fix,-10,-31,2,297.34,299.59,299.21,292.46,,96.65,
0:58:37,44.207638,-94.178169,5354.33,0/0/2000,17:40:53,fix,-10,-31,1,297.34,299.59,299.21,292.52,,100.69,
0:58:42,44.207706,-94.178146,5341.21,0/0/2000,17:40:58,fix,-10,-31,2,297.40,299.65,299.21,292.59,,100.82,
0:58:47,44.207722,-94.178116,5328.08,0/0/2000,17:41:3,fix,-10,-31,2,297.40,299.65,299.27,292.59,,100.44,
0:58:52,44.207775,-94.178131,5311.68,0/0/2000,17:41:8,fix,-10,-31,1,297.46,299.65,299.27,292.65,,100.44,
0:58:57,44.207779,-94.178078,5298.56,0/0/2000,17:41:13,fix,-10,-31,2,297.46,299.65,299.27,292.71,,100.57,
0:59:02,44.207798,-94.178101,5285.43,0/0/2000,17:41:18,fix,-10,-31,2,297.46,299.71,299.34,292.71,,100.57,
0:59:07,44.207829,-94.178085,5269.03,0/0/2000,17:41:23,fix,-10,-31,2,297.52,299.71,299.34,292.77,,100.32,
0:59:12,44.207844,-94.178062,5255.91,0/0/2000,17:41:28,fix,-10,-31,2,297.52,299.71,299.34,292.84,,100.69,
0:59:17,44.207870,-94.178040,5239.50,0/0/2000,17:41:33,fix,-10,-31,1,297.52,299.71,299.34,292.90,,100.57,
0:59:22,44.207844,-94.178047,5226.38,0/0/2000,17:41:38,fix,-10,-31,1,297.59,299.77,299.40,292.96,,100.69,
0:59:27,44.207905,-94.177994,5209.97,0/0/2000,17:41:43,fix,-10,-31,2,297.59,299.77,299.40,292.96,,100.32,
0:59:32,44.207890,-94.178047,5203.41,0/0/2000,17:41:48,fix,-10,-31,2,297.59,299.84,299.40,293.02,,100.57,
0:59:37,44.207920,-94.178040,5183.73,0/0/2000,17:41:53,fix,-10,-31,1,297.65,299.84,299.46,293.02,,100.69,
0:59:42,44.207996,-94.178009,5170.60,0/0/2000,17:41:58,fix,-10,-31,2,297.65,299.84,299.46,293.09,,96.53,
0:59:47,44.208023,-94.178009,5154.20,0/0/2000,17:42:3,fix,-10,-31,2,297.65,299.84,299.46,293.09,,100.57,
0:59:52,44.208042,-94.178009,5137.80,0/0/2000,17:42:8,fix,-10,-31,2,297.71,299.84,299.46,293.15,,100.69,
0:59:57,44.208057,-94.178017,5124.67,0/0/2000,17:42:13,fix,-10,-31,1,297.71,299.84,299.46,293.15,,100.69,
1:00:02,44.208134,-94.177971,5108.27,0/0/2000,17:42:18,fix,-10,-31,1,297.71,299.90,299.52,293.21,,100.57,
1:00:07,44.208168,-94.177956,5098.43,0/0/2000,17:42:23,fix,-10,-31,2,297.71,299.90,299.52,293.21,,100.69,
1:00:12,44.208183,-94.177940,5085.30,0/0/2000,17:42:28,fix,-10,-31,2,297.77,299.96,299.59,293.27,,100.57,
1:00:17,44.208172,-94.177963,5075.46,0/0/2000,17:42:33,fix,-10,-31,1,297.77,299.96,299.59,293.34,,100.57,
1:00:22,44.208233,-94.177956,5055.77,0/0/2000,17:42:38,fix,-10,-31,2,297.84,300.02,299.59,293.40,,100.57,
1:00:27,44.208244,-94.177940,5039.37,0/0/2000,17:42:43,fix,-10,-31,2,297.84,300.02,299.59,293.46,,100.57,
1:00:32,44.208275,-94.177933,5029.53,0/0/2000,17:42:48,fix,-10,-31,2,297.84,300.09,299.65,293.46,,100.82,
1:00:37,44.208344,-94.177948,5013.12,0/0/2000,17:42:53,fix,-10,-31,1,297.90,300.09,299.65,293.52,,100.57,
1:00:42,44.208355,-94.177971,5000.00,0/0/2000,17:42:58,fix,-10,-31,2,297.90,300.15,299.65,293.52,,100.57,
1:00:47,44.208389,-94.177963,4986.88,0/0/2000,17:43:3,fix,-10,-31,2,297.90,300.15,299.65,293.59,,100.57,
1:00:52,44.208435,-94.177940,4977.03,0/0/2000,17:43:8,fix,-10,-31,1,297.90,300.15,299.71,293.65,,100.32,
1:00:57,44.208427,-94.177917,4960.63,0/0/2000,17:43:13,fix,-10,-31,1,297.96,300.15,299.71,293.65,,100.57,
1:01:02,44.208485,-94.177895,4947.51,0/0/2000,17:43:18,fix,-10,-31,2,297.96,300.15,299.71,293.71,,100.57,
1:01:07,44.208511,-94.177872,4934.38,0/0/2000,17:43:23,fix,-10,-31,2,298.02,300.15,299.77,293.77,,100.57,
1:01:12,44.208565,-94.177849,4924.54,0/0/2000,17:43:28,fix,-9,-30,2,298.02,300.15,299.77,293.84,,100.44,
1:01:17,44.208626,-94.177826,4914.70,0/0/2000,17:43:33,fix,-10,-31,2,298.02,300.09,299.77,293.84,,100.82,
1:01:22,44.208652,-94.177826,4901.57,0/0/2000,17:43:38,fix,-10,-31,2,298.02,300.09,299.84,293.84,,100.69,
1:01:27,44.208672,-94.177818,4885.17,0/0/2000,17:43:43,fix,-10,-31,1,298.02,300.09,299.84,293.90,,100.57,
1:01:32,44.208679,-94.177826,4868.77,0/0/2000,17:43:48,fix,-10,-31,2,298.09,300.09,299.84,293.90,,96.78,
1:01:37,44.208710,-94.177818,4855.64,0/0/2000,17:43:53,fix,-10,-31,2,298.09,300.09,299.84,293.96,,96.65,
1:01:42,44.208797,-94.177750,4839.24,0/0/2000,17:43:58,fix,-10,-31,1,298.15,300.09,299.84,293.96,,100.44,
1:01:47,44.208820,-94.177727,4822.83,0/0/2000,17:44:3,fix,-10,-31,2,298.15,300.02,299.90,294.02,,100.57,
1:01:52,44.208858,-94.177734,4809.71,0/0/2000,17:44:8,fix,-10,-31,2,298.15,300.02,299.90,294.09,,102.21,
1:01:57,44.208881,-94.177734,4796.59,0/0/2000,17:44:13,fix,-10,-31,2,298.15,300.09,299.90,294.09,,100.57,
1:02:02,44.208885,-94.177742,4783.46,0/0/2000,17:44:18,fix,-10,-31,2,298.21,300.09,299.96,294.09,,100.57,
1:02:07,44.208881,-94.177750,4770.34,0/0/2000,17:44:23,fix,-10,-31,2,298.21,300.02,299.96,294.15,,100.57,
1:02:12,44.208881,-94.177765,4760.50,0/0/2000,17:44:28,fix,-10,-31,1,298.21,299.96,299.96,294.21,,100.57,
1:02:17,44.208946,-94.177734,4750.66,0/0/2000,17:44:33,fix,-10,-31,2,298.27,300.02,299.96,294.21,,102.21,
1:02:22,44.208969,-94.177757,4737.53,0/0/2000,17:44:38,fix,-10,-31,2,298.27,300.02,300.02,294.21,,100.69,
1:02:27,44.209000,-94.177757,4724.41,0/0/2000,17:44:43,fix,-10,-31,1,298.27,300.02,300.02,294.21,,100.82,
1:02:32,44.208996,-94.177765,4711.29,0/0/2000,17:44:48,fix,-10,-31,1,298.27,299.96,300.02,294.27,,100.95,
1:02:37,44.209023,-94.177757,4701.44,0/0/2000,17:44:53,fix,-10,-31,2,298.34,299.96,300.02,294.27,,100.44,
1:02:42,44.209015,-94.177780,4691.60,0/0/2000,17:44:58,fix,-10,-31,1,298.34,299.96,300.09,294.27,,100.57,
1:02:47,44.209015,-94.177780,4675.20,0/0/2000,17:45:3,fix,-10,-31,2,298.34,299.90,300.09,294.27,,100.57,
1:02:52,44.209019,-94.177780,4665.35,0/0/2000,17:45:8,fix,-10,-31,1,298.40,299.90,300.09,294.34,,100.69,
1:02:57,44.209061,-94.177765,4655.51,0/0/2000,17:45:13,fix,-10,-31,1,298.40,299.90,300.15,294.34,,100.32,
1:03:02,44.209072,-94.177765,4645.67,0/0/2000,17:45:18,fix,-10,-31,2,298.40,299.84,300.15,294.34,,100.44,
1:03:07,44.209080,-94.177780,4635.83,0/0/2000,17:45:23,fix,-10,-31,2,298.40,299.77,300.15,294.40,,100.57,
1:03:12,44.209095,-94.177773,4625.98,0/0/2000,17:45:28,fix,-10,-31,1,298.46,299.77,300.15,294.40,,100.57,
1:03:17,44.209122,-94.177765,4616.14,0/0/2000,17:45:33,fix,-10,-31,2,298.46,299.77,300.15,294.46,,100.57,
1:03:22,44.209072,-94.177788,4603.02,0/0/2000,17:45:38,fix,-10,-31,2,298.46,299.71,300.15,294.46,,100.69,
1:03:27,44.209053,-94.177803,4589.90,0/0/2000,17:45:43,fix,-10,-31,2,298.46,299.65,300.15,294.52,,100.44,
1:03:32,44.209061,-94.177818,4583.33,0/0/2000,17:45:48,fix,-10,-31,2,298.46,299.52,300.21,294.52,,100.69,
1:03:37,44.209064,-94.177834,4570.21,0/0/2000,17:45:53,fix,-10,-31,1,298.46,299.52,300.15,294.52,,100.57,
1:03:42,44.209076,-94.177834,4563.65,0/0/2000,17:45:58,fix,-10,-31,2,298.46,299.40,300.21,294.59,,100.57,
1:03:47,44.209084,-94.177841,4550.52,0/0/2000,17:46:3,fix,-10,-31,1,298.46,299.34,300.21,294.59,,100.82,
1:03:52,44.209076,-94.177834,4540.68,0/0/2000,17:46:8,fix,-10,-31,1,298.52,299.27,300.21,294.65,,100.44,
1:03:57,44.209133,-94.177818,4527.56,0/0/2000,17:46:13,fix,-10,-31,2,298.52,299.27,300.21,294.71,,100.69,
1:04:02,44.209183,-94.177811,4514.44,0/0/2000,17:46:18,fix,-10,-31,1,298.52,299.34,300.21,294.71,,100.57,
1:04:07,44.209202,-94.177795,4504.59,0/0/2000,17:46:23,fix,-10,-31,2,298.52,299.34,300.27,294.77,,100.57,
1:04:12,44.209179,-94.177811,4494.75,0/0/2000,17:46:28,fix,-10,-31,2,298.52,299.40,300.27,294.77,,100.44,
1:04:17,44.209202,-94.177803,4484.91,0/0/2000,17:46:33,fix,-10,-31,2,298.52,299.40,300.27,294.84,,100.57,
1:04:22,44.209259,-94.177803,4475.07,0/0/2000,17:46:38,fix,-10,-31,2,298.52,299.40,300.27,294.84,,100.57,
1:04:27,44.209267,-94.177826,4461.94,0/0/2000,17:46:43,fix,-10,-31,1,298.52,299.46,300.27,294.84,,100.69,
1:04:32,44.209225,-94.177849,4448.82,0/0/2000,17:46:48,fix,-10,-31,2,298.59,299.46,300.27,294.84,,100.44,
1:04:37,44.209183,-94.177864,4435.70,0/0/2000,17:46:53,fix,-10,-31,2,298.59,299.52,300.34,294.84,,100.69,
1:04:42,44.209190,-94.177841,4422.57,0/0/2000,17:46:58,fix,-10,-31,2,298.59,299.52,300.34,294.84,,100.69,
1:04:47,44.209217,-94.177841,4409.45,0/0/2000,17:47:3,fix,-10,-31,1,298.59,299.52,300.34,294.90,,100.69,
1:04:52,44.209236,-94.177841,4399.61,0/0/2000,17:47:8,fix,-10,-31,2,298.59,299.52,300.34,294.90,,100.82,
1:04:57,44.209248,-94.177856,4389.76,0/0/2000,17:47:13,fix,-10,-31,2,298.65,299.52,300.40,294.90,,100.82,
1:05:02,44.209270,-94.177834,4379.92,0/0/2000,17:47:18,fix,-10,-31,2,298.65,299.40,300.40,294.90,,100.57,
1:05:07,44.209251,-94.177864,4366.80,0/0/2000,17:47:23,fix,-10,-31,2,298.65,299.40,300.40,294.96,,100.69,
1:05:12,44.209213,-94.177895,4356.96,0/0/2000,17:47:28,fix,-10,-31,1,298.65,299.46,300.40,294.96,,100.82,
1:05:17,44.209255,-94.177887,4347.11,0/0/2000,17:47:33,fix,-10,-31,1,298.65,299.46,300.40,294.96,,100.32,
1:05:22,44.209278,-94.177902,4333.99,0/0/2000,17:47:38,fix,-10,-31,2,298.71,299.52,300.46,295.02,,96.53,
1:05:28,44.209309,-94.177895,4317.59,0/0/2000,17:47:43,fix,-10,-31,1,298.65,299.52,300.40,295.02,,100.57,
1:05:33,44.209316,-94.177910,4307.74,0/0/2000,17:47:48,fix,-10,-31,2,298.71,299.46,300.46,295.02,,100.44,
1:05:38,44.209305,-94.177925,4297.90,0/0/2000,17:47:53,fix,-10,-31,1,298.71,299.34,300.46,295.02,,100.57,
1:05:43,44.209305,-94.177902,4284.78,0/0/2000,17:47:58,fix,-10,-31,1,298.71,299.34,300.46,295.09,,100.44,
1:05:48,44.209354,-94.177895,4271.65,0/0/2000,17:48:3,fix,-10,-31,2,298.71,299.27,300.46,295.15,,100.32,
1:05:53,44.209343,-94.177917,4261.81,0/0/2000,17:48:8,fix,-10,-31,1,298.71,299.34,300.46,295.15,,100.57,
1:05:58,44.209335,-94.177940,4248.69,0/0/2000,17:48:13,fix,-10,-31,2,298.71,299.21,300.52,295.15,,100.69,
1:06:03,44.209347,-94.177948,4235.56,0/0/2000,17:48:18,fix,-10,-31,2,298.71,299.15,300.52,295.21,,100.57,
1:06:08,44.209373,-94.177948,4225.72,0/0/2000,17:48:23,fix,-10,-31,2,298.71,299.27,300.52,295.21,,100.69,
1:06:13,44.209381,-94.177956,4215.88,0/0/2000,17:48:28,fix,-10,-31,1,298.77,299.34,300.52,295.27,,100.57,
1:06:18,44.209427,-94.177948,4206.04,0/0/2000,17:48:33,fix,-10,-31,2,298.71,299.34,300.52,295.27,,100.82,
1:06:23,44.209465,-94.177933,4196.19,0/0/2000,17:48:38,fix,-10,-31,2,298.77,299.40,300.52,295.27,,100.44,
1:06:28,44.209488,-94.177933,4183.07,0/0/2000,17:48:43,fix,-10,-31,2,298.77,299.40,300.59,295.34,,100.69,
1:06:33,44.209488,-94.177933,4173.23,0/0/2000,17:48:48,fix,-10,-31,1,298.77,299.46,300.59,295.34,,100.44,
1:06:38,44.209526,-94.177933,4163.39,0/0/2000,17:48:53,fix,-10,-31,2,298.77,299.52,300.59,295.34,,101.20,
1:06:43,44.209534,-94.177956,4153.54,0/0/2000,17:48:58,fix,-10,-31,2,298.84,299.52,300.59,295.34,,100.44,
1:06:48,44.209538,-94.177979,4143.70,0/0/2000,17:49:3,fix,-10,-31,2,298.84,299.59,300.65,295.34,,98.17,
1:06:53,44.209541,-94.177979,4130.58,0/0/2000,17:49:8,fix,-10,-31,2,298.84,299.59,300.65,295.34,,97.03,
1:06:58,44.209549,-94.177963,4117.45,0/0/2000,17:49:13,fix,-10,-31,2,298.84,299.59,300.65,295.34,,96.65,
1:07:03,44.209553,-94.177963,4104.33,0/0/2000,17:49:18,fix,-10,-31,2,298.84,299.59,300.71,295.40,,100.57,
1:07:08,44.209553,-94.177979,4094.49,0/0/2000,17:49:23,fix,-10,-31,2,298.84,299.59,300.65,295.40,,100.44,
1:07:13,44.209541,-94.177971,4084.65,0/0/2000,17:49:28,fix,-10,-31,1,298.90,299.52,300.65,295.40,,100.57,
1:07:18,44.209538,-94.177979,4078.08,0/0/2000,17:49:33,fix,-10,-31,1,298.90,299.52,300.71,295.40,,100.69,
1:07:23,44.209549,-94.178001,4068.24,0/0/2000,17:49:38,fix,-10,-31,1,298.90,299.52,300.71,295.40,,100.57,
1:07:28,44.209572,-94.177986,4058.40,0/0/2000,17:49:43,fix,-10,-31,1,298.90,299.59,300.71,295.40,,100.57,
1:07:33,44.209602,-94.177979,4051.84,0/0/2000,17:49:48,fix,-10,-31,1,298.90,299.59,300.71,295.40,,100.69,
1:07:38,44.209583,-94.178009,4041.99,0/0/2000,17:49:53,fix,-10,-31,2,298.90,299.59,300.71,295.40,,96.91,
1:07:43,44.209564,-94.178032,4032.15,0/0/2000,17:49:58,fix,-10,-31,1,298.96,299.59,300.71,295.40,,100.44,
1:07:48,44.209599,-94.178017,4022.31,0/0/2000,17:50:3,fix,-10,-31,1,298.96,299.65,300.77,295.40,,97.54,
1:07:53,44.209610,-94.178024,4015.75,0/0/2000,17:50:8,fix,-10,-31,1,298.96,299.65,300.77,295.40,,100.57,
1:07:58,44.209606,-94.178032,4005.91,0/0/2000,17:50:13,fix,-10,-31,1,298.96,299.71,300.77,295.40,,100.57,
1:08:03,44.209579,-94.178047,3992.78,0/0/2000,17:50:18,fix,-10,-31,1,298.96,299.77,300.77,295.40,,100.82,
1:08:08,44.209576,-94.178040,3982.94,0/0/2000,17:50:23,fix,-10,-31,2,298.96,299.77,300.77,295.40,,100.57,
1:08:13,44.209538,-94.178040,3973.10,0/0/2000,17:50:28,fix,-10,-31,2,299.02,299.77,300.77,295.40,,100.69,
1:08:18,44.209549,-94.178024,3966.54,0/0/2000,17:50:33,fix,-10,-31,2,299.02,299.84,300.84,295.40,,100.57,
1:08:23,44.209522,-94.178062,3953.41,0/0/2000,17:50:38,fix,-10,-31,2,299.02,299.77,300.84,295.40,,100.69,
1:08:28,44.209534,-94.178070,3943.57,0/0/2000,17:50:43,fix,-10,-31,1,299.02,299.84,300.84,295.40,,100.57,
1:08:33,44.209538,-94.178108,3933.73,0/0/2000,17:50:48,fix,-10,-31,2,299.02,299.77,300.84,295.40,,100.82,
1:08:38,44.209526,-94.178108,3923.88,0/0/2000,17:50:53,fix,-10,-31,1,299.09,299.71,300.90,295.40,,100.57,
1:08:43,44.209530,-94.178123,3914.04,0/0/2000,17:50:58,fix,-10,-31,2,299.09,299.71,300.90,295.46,,100.44,
1:08:48,44.209545,-94.178131,3904.20,0/0/2000,17:51:3,fix,-10,-31,1,299.09,299.77,300.90,295.46,,100.57,
1:08:53,44.209564,-94.178123,3894.36,0/0/2000,17:51:8,fix,-10,-31,2,299.09,299.77,300.90,295.52,,100.44,
1:08:58,44.209606,-94.178101,3884.51,0/0/2000,17:51:13,fix,-10,-31,2,299.09,299.77,300.90,295.52,,100.57,
1:09:03,44.209614,-94.178116,3871.39,0/0/2000,17:51:18,fix,-10,-31,2,299.09,299.77,300.96,295.52,,102.21,
1:09:08,44.209602,-94.178123,3864.83,0/0/2000,17:51:23,fix,-10,-31,1,299.09,299.84,300.96,295.59,,100.44,
1:09:13,44.209618,-94.178085,3854.99,0/0/2000,17:51:28,fix,-10,-31,2,299.15,299.90,300.96,295.59,,100.69,
1:09:18,44.209648,-94.178070,3845.14,0/0/2000,17:51:33,fix,-10,-31,2,299.15,299.90,300.96,295.65,,100.69,
1:09:23,44.209618,-94.178085,3838.58,0/0/2000,17:51:38,fix,-10,-31,1,299.15,299.90,300.96,295.65,,100.57,
1:09:28,44.209625,-94.178085,3828.74,0/0/2000,17:51:43,fix,-10,-31,1,299.15,299.90,301.02,295.65,,100.69,
1:09:33,44.209671,-94.178123,3818.90,0/0/2000,17:51:48,fix,-29,-12,12,299.15,299.90,301.02,295.65,,100.57,
1:09:38,44.209805,-94.179039,3677.82,0/0/2000,17:51:53,fix,-19,-23,16,299.15,299.90,301.02,295.71,,100.69,
1:09:43,44.209942,-94.179688,3543.31,0/0/2000,17:51:58,fix,-4,-8,11,299.15,299.34,301.02,295.71,,100.69,
1:09:48,44.210117,-94.179794,3480.97,0/0/2000,17:52:3,fix,-13,-1,24,299.15,299.40,301.02,295.59,,100.69,
1:09:53,44.210125,-94.179756,3444.88,0/0/2000,17:52:8,fix,32,9,-3,299.09,299.21,301.09,295.59,,100.82,
