Flight Time, Lat, Long, Altitude (ft), Date, Hour:Min:Sec, Fix, Accel x, Accel y, Accel z, Temperature (Box), Temperature 1 (OPC) (K), Temperature 2 (Battery) (K), Temperature 3 (atmos.) (K), OPC Heater Status, Batt. Heater Status, Flight Time (hour:min:sec)
0:00:01,44.975769,-93.232292,0,0/0/2000,0:00:00,fix,0,0,0,419.3,146.15,146.15,146.15,OPC ON,Batt ON,0:00:05
0:00:01,44.975769,-93.232292,0,0/0/2000,0:00:00,fix,0,0,0,419.3,146.15,146.15,146.15,OPC ON,Batt ON,0:00:10
0:00:01,44.975769,-93.232292,0,0/0/2000,0:00:00,fix,0,0,0,419.3,146.15,146.15,146.15,OPC ON,Batt ON,0:00:16
0:00:01,44.975769,-93.232292,0,0/0/2000,0:00:00,fix,0,0,0,419.3,146.15,146.15,146.15,OPC ON,Batt ON,0:00:21
0:00:01,44.975769,-93.232292,0,0/0/2000,0:00:00,fix,0,0,0,419.3,146.15,146.15,146.15,OPC ON,Batt ON,0:00:26
0:00:01,44.975769,-93.232292,0,0/0/2000,0:00:00,fix,0,0,0,419.3,146.15,146.15,146.15,OPC ON,Batt ON,0:00:32
0:00:01,44.975769,-93.232292,0,0/0/2000,0:00:00,fix,0,0,0,419.3,146.15,146.15,146.15,OPC ON,Batt ON,0:00:37
0:00:01,44.975769,-93.232292,0,0/0/2000,0:00:00,fix,0,0,0,419.3,146.15,146.15,146.15,OPC ON,Batt ON,0:00:43
0:00:01,44.975769,-93.232292,0,0/0/2000,0:00:00,fix,0,0,0,419.3,146.15,146.15,146.15,OPC ON,Batt ON,0:00:48
0:00:01,44.975769,-93.232292,0,0/0/2000,0:00:00,fix,0,0,0,419.3,146.15,146.15,146.15,OPC ON,Batt ON,0:00:54
0:00:01,44.975769,-93.232292,0,0/0/2000,0:00:00,fix,0,0,0,419.3,146.15,146.15,146.15,OPC ON,Batt ON,0:00:59
0:00:01,44.975769,-93.232292,0,0/0/2000,0:00:00,fix,0,0,0,419.3,146.15,146.15,146.15,OPC ON,BATT ON,0:01:04
0:00:01,44.975769,-93.232292,0,0/0/2000,0:00:00,fix,0,0,0,419.3,146.15,146.15,146.15,OPC ON,BATT ON,0:01:10
0:00:01,44.975769,-93.232292,0,0/0/2000,0:00:00,fix,0,0,0,419.3,146.15,146.15,146.15,OPC ON,BATT ON,0:01:15
0:00:01,44.975769,-93.232292,0,0/0/2000,0:00:00,fix,0,0,0,419.3,146.15,146.15,146.15,OPC ON,BATT ON,0:01:21
0:00:01,44.975769,-93.232292,0,0/0/2000,0:00:00,fix,0,0,0,419.3,146.15,146.15,146.15,OPC ON,BATT ON,0:01:26
0:00:01,44.975769,-93.232292,0,0/0/2000,0:00:00,fix,0,0,0,419.3,146.15,146.15,146.15,OPC ON,BATT ON,0:01:32
0:00:01,44.975769,-93.232292,0,0/0/2000,0:00:00,fix,0,0,0,419.3,146.15,146.15,146.15,OPC ON,BATT ON,0:01:37
0:00:01,44.975769,-93.232292,0,0/0/2000,0:00:00,fix,0,0,0,419.3,146.15,146.15,146.15,OPC ON,BATT ON,0:01:42
0:00:01,44.975769,-93.232292,0,0/0/2000,0:00:00,fix,0,0,0,419.3,146.15,146.15,146.15,OPC ON,BATT ON,0:01:48
0:00:01,44.975769,-93.232292,0,0/0/2000,0:00:00,fix,0,0,0,419.3,146.15,146.15,146.15,OPC ON,BATT ON,0:01:53
0:00:01,44.975769,-93.232292,0,0/0/2000,0:00:00,fix,0,0,0,419.3,146.15,146.15,146.15,OPC ON,BATT ON,0:01:59
0:00:01,44.975769,-93.232292,0,0/0/2000,0:00:00,fix,0,0,0,419.3,146.15,146.15,146.15,OPC ON,BATT ON,0:02:04
0:00:01,44.975769,-93.232292,0,0/0/2000,0:00:00,fix,0,0,0,419.3,146.15,146.15,146.15,OPC ON,BATT ON,0:02:10
0:00:01,44.975769,-93.232292,0,0/0/2000,0:00:00,fix,0,0,0,419.3,146.15,146.15,146.15,OPC ON,BATT ON,0:02:15
0:00:01,44.975769,-93.232292,0,0/0/2000,0:00:00,fix,0,0,0,419.3,146.15,146.15,146.15,OPC ON,BATT ON,0:02:20
0:00:01,44.975769,-93.232292,0,0/0/2000,0:00:00,fix,0,0,0,419.3,146.15,146.15,146.15,OPC ON,BATT ON,0:02:26
0:00:01,44.975769,-93.232292,0,0/0/2000,0:00:00,fix,0,0,0,419.3,146.15,146.15,146.15,OPC ON,BATT ON,0:02:31
0:00:01,44.975769,-93.232292,0,0/0/2000,0:00:00,fix,0,0,0,419.3,146.15,146.15,146.15,OPC ON,BATT ON,0:02:37
0:00:01,44.975769,-93.232292,0,0/0/2000,0:00:00,fix,0,0,0,419.3,146.15,146.15,146.15,OPC ON,BATT ON,0:02:42
0:00:01,44.975769,-93.232292,0,0/0/2000,0:00:00,fix,0,0,0,419.3,146.15,146.15,146.15,OPC ON,BATT ON,0:02:48
0:00:01,44.975769,-93.232292,0,0/0/2000,0:00:00,fix,0,0,0,419.3,146.15,146.15,146.15,OPC ON,BATT ON,0:02:53
0:00:01,44.975769,-93.232292,0,0/0/2000,0:00:00,fix,0,0,0,419.3,146.15,146.15,146.15,OPC ON,BATT ON,0:02:58
0:00:01,44.975769,-93.232292,0,0/0/2000,0:00:00,fix,0,0,0,419.3,146.15,146.15,146.15,OPC ON,BATT ON,0:03:04
0:00:01,44.975769,-93.232292,0,0/0/2000,0:00:00,fix,0,0,0,419.3,146.15,146.15,146.15,OPC ON,BATT ON,0:03:09
0:00:01,44.975769,-93.232292,0,0/0/2000,0:00:00,fix,0,0,0,419.3,146.15,146.15,146.15,OPC ON,BATT ON,0:03:15
0:00:01,44.975769,-93.232292,0,0/0/2000,0:00:00,fix,0,0,0,419.3,146.15,146.15,146.15,OPC ON,BATT ON,0:03:20
0:00:01,44.975769,-93.232292,0,0/0/2000,0:00:00,fix,0,0,0,419.3,146.15,146.15,146.15,OPC ON,BATT ON,0:03:26
0:00:01,44.975769,-93.232292,0,0/0/2000,0:00:00,fix,0,0,0,419.3,146.15,146.15,146.15,OPC ON,BATT ON,0:03:31
0:00:01,44.975769,-93.232292,0,0/0/2000,0:00:00,fix,0,0,0,419.3,146.15,146.15,146.15,OPC ON,BATT ON,0:03:36
0:00:01,44.975769,-93.232292,0,0/0/2000,0:00:00,fix,0,0,0,419.3,146.15,146.15,146.15,OPC ON,BATT ON,0:03:42
0:00:01,44.975769,-93.232292,0,0/0/2000,0:00:00,fix,0,0,0,419.3,146.15,146.15,146.15,OPC ON,BATT ON,0:03:47
0:00:01,44.975769,-93.232292,0,0/0/2000,0:00:00,fix,0,0,0,419.3,146.15,146.15,146.15,OPC ON,BATT ON,0:03:53
0:00:01,44.975769,-93.232292,0,0/0/2000,0:00:00,fix,0,0,0,419.3,146.15,146.15,146.15,OPC ON,BATT ON,0:03:58
0:00:01,44.975769,-93.232292,0,0/0/2000,0:00:00,fix,0,0,0,419.3,146.15,146.15,146.15,OPC ON,BATT ON,0:04:04
0:00:01,44.975769,-93.232292,0,0/0/2000,0:00:00,fix,0,0,0,419.3,146.15,146.15,146.15,OPC ON,BATT ON,0:04:09
0:00:01,44.975769,-93.232292,0,0/0/2000,0:00:00,fix,0,0,0,419.3,146.15,146.15,146.15,OPC ON,BATT ON,0:04:14
0:00:01,44.975769,-93.232292,0,0/0/2000,0:00:00,fix,0,0,0,419.3,146.15,146.15,146.15,OPC ON,BATT ON,0:04:20
0:00:01,44.975769,-93.232292,0,0/0/2000,0:00:00,fix,0,0,0,419.3,146.15,146.15,146.15,OPC ON,BATT ON,0:04:25
0:00:01,44.975769,-93.232292,0,0/0/2000,0:00:00,fix,0,0,0,419.3,146.15,146.15,146.15,OPC ON,BATT ON,0:04:31
0:00:01,44.975769,-93.232292,0,0/0/2000,0:00:00,fix,0,0,0,419.3,146.15,146.15,146.15,OPC ON,BATT ON,0:04:36
0:00:01,44.975769,-93.232292,0,0/0/2000,0:00:00,fix,0,0,0,419.3,146.15,146.15,146.15,OPC ON,BATT ON,0:04:42
0:00:01,44.975769,-93.232292,0,0/0/2000,0:00:00,fix,0,0,0,419.3,146.15,146.15,146.15,OPC ON,BATT ON,0:04:47
0:00:01,44.975769,-93.232292,0,0/0/2000,0:00:00,fix,0,0,0,419.3,146.15,146.15,146.15,OPC ON,BATT ON,0:04:52
0:00:01,44.975769,-93.232292,0,0/0/2000,0:00:00,fix,0,0,0,419.3,146.15,146.15,146.15,OPC ON,BATT ON,0:04:58
0:00:01,44.975769,-93.232292,0,0/0/2000,0:00:00,fix,0,0,0,419.3,146.15,146.15,146.15,OPC ON,BATT ON,0:05:03
0:00:01,44.975769,-93.232292,0,0/0/2000,0:00:00,fix,0,0,0,419.3,146.15,146.15,146.15,OPC ON,BATT ON,0:05:09
0:00:01,44.975769,-93.232292,0,0/0/2000,0:00:00,fix,0,0,0,419.3,146.15,146.15,146.15,OPC ON,BATT ON,0:05:14
0:00:01,44.975769,-93.232292,0,0/0/2000,0:00:00,fix,0,0,0,419.3,146.15,146.15,146.15,OPC ON,BATT ON,0:05:20
0:00:01,44.975769,-93.232292,0,0/0/2000,0:00:00,fix,0,0,0,419.3,146.15,146.15,146.15,OPC ON,BATT ON,0:05:25
0:00:01,44.975769,-93.232292,0,0/0/2000,0:00:00,fix,0,0,0,419.3,146.15,146.15,146.15,OPC ON,BATT ON,0:05:30
0:00:01,44.975769,-93.232292,0,0/0/2000,0:00:00,fix,0,0,0,419.3,146.15,146.15,146.15,OPC ON,BATT ON,0:05:36
0:00:01,44.975769,-93.232292,0,0/0/2000,0:00:00,fix,0,0,0,419.3,146.15,146.15,146.15,OPC ON,BATT ON,0:05:41
0:00:01,44.975769,-93.232292,0,0/0/2000,0:00:00,fix,0,0,0,419.3,146.15,146.15,146.15,OPC ON,BATT ON,0:05:47
0:00:01,44.975769,-93.232292,0,0/0/2000,0:00:00,fix,0,0,0,419.3,146.15,146.15,146.15,OPC ON,BATT ON,0:05:52
0:00:01,44.975769,-93.232292,0,0/0/2000,0:00:00,fix,0,0,0,419.3,146.15,146.15,146.15,OPC ON,BATT ON,0:05:58
0:00:01,44.975769,-93.232292,0,0/0/2000,0:00:00,fix,0,0,0,419.3,146.15,146.15,146.15,OPC ON,BATT ON,0:06:03
0:00:01,44.975769,-93.232292,0,0/0/2000,0:00:00,fix,0,0,0,419.3,146.15,146.15,146.15,OPC ON,BATT ON,0:06:09
0:00:01,44.975769,-93.232292,0,0/0/2000,0:00:00,fix,0,0,0,419.3,146.15,146.15,146.15,OPC ON,BATT ON,0:06:14
0:00:01,44.975769,-93.232292,0,0/0/2000,0:00:00,fix,0,0,0,419.3,146.15,146.15,146.15,OPC ON,BATT ON,0:06:19
0:00:01,44.975769,-93.232292,0,0/0/2000,0:00:00,fix,0,0,0,419.3,146.15,146.15,146.15,OPC ON,BATT ON,0:06:25
0:00:01,44.975769,-93.232292,0,0/0/2000,0:00:00,fix,0,0,0,419.3,146.15,146.15,146.15,OPC ON,BATT ON,0:06:30
0:00:01,44.975769,-93.232292,0,0/0/2000,0:00:00,fix,0,0,0,419.3,146.15,146.15,146.15,OPC ON,BATT ON,0:06:36
0:00:01,44.975769,-93.232292,0,0/0/2000,0:00:00,fix,0,0,0,419.3,146.15,146.15,146.15,OPC ON,BATT ON,0:06:41
0:00:01,44.975769,-93.232292,0,0/0/2000,0:00:00,fix,0,0,0,419.3,146.15,146.15,146.15,OPC ON,BATT ON,0:06:47
0:00:01,44.975769,-93.232292,0,0/0/2000,0:00:00,fix,0,0,0,419.3,146.15,146.15,146.15,OPC ON,BATT ON,0:06:52
0:00:01,44.975769,-93.232292,0,0/0/2000,0:00:00,fix,0,0,0,419.3,146.15,146.15,146.15,OPC ON,BATT ON,0:06:57
0:00:01,44.975769,-93.232292,0,0/0/2000,0:00:00,fix,0,0,0,419.3,146.15,146.15,146.15,OPC ON,BATT ON,0:07:03
0:00:01,44.975769,-93.232292,0,0/0/2000,0:00:00,fix,0,0,0,419.3,146.15,146.15,146.15,OPC ON,BATT ON,0:07:08
0:00:01,44.975769,-93.232292,0,0/0/2000,0:00:00,fix,0,0,0,419.3,146.15,146.15,146.15,OPC ON,BATT ON,0:07:14
0:00:01,44.975769,-93.232292,0,0/0/2000,0:00:00,fix,0,0,0,419.3,146.15,146.15,146.15,OPC ON,BATT ON,0:07:19
0:00:01,44.975769,-93.232292,0,0/0/2000,0:00:00,fix,0,0,0,419.3,146.15,146.15,146.15,OPC ON,BATT ON,0:07:25
0:00:01,44.975769,-93.232292,0,0/0/2000,0:00:00,fix,0,0,0,419.3,146.15,146.15,146.15,OPC ON,BATT ON,0:07:30
0:00:01,44.975769,-93.232292,0,0/0/2000,0:00:00,fix,0,0,0,419.3,146.15,146.15,146.15,OPC ON,BATT ON,0:07:35
0:00:01,44.975769,-93.232292,0,0/0/2000,0:00:00,fix,0,0,0,419.3,146.15,146.15,146.15,OPC ON,BATT ON,0:07:41
0:00:01,44.975769,-93.232292,0,0/0/2000,0:00:00,fix,0,0,0,419.3,146.15,146.15,146.15,OPC ON,BATT ON,0:07:46
0:00:01,44.975769,-93.232292,0,0/0/2000,0:00:00,fix,0,0,0,419.3,146.15,146.15,146.15,OPC ON,BATT ON,0:07:52
0:00:01,44.975769,-93.232292,0,0/0/2000,0:00:00,fix,0,0,0,419.3,146.15,146.15,146.15,OPC ON,BATT ON,0:07:57
0:00:01,44.975769,-93.232292,0,0/0/2000,0:00:00,fix,0,0,0,419.3,146.15,146.15,146.15,OPC ON,BATT ON,0:08:03
0:00:01,44.975769,-93.232292,0,0/0/2000,0:00:00,fix,0,0,0,419.3,146.15,146.15,146.15,OPC ON,BATT ON,0:08:08
0:00:01,44.975769,-93.232292,0,0/0/2000,0:00:00,fix,0,0,0,419.3,146.15,146.15,146.15,OPC ON,BATT ON,0:08:13
0:00:01,44.975769,-93.232292,0,0/0/2000,0:00:00,fix,0,0,0,419.3,146.15,146.15,146.15,OPC ON,BATT ON,0:08:19
0:00:01,44.975769,-93.232292,0,0/0/2000,0:00:00,fix,0,0,0,419.3,146.15,146.15,146.15,OPC ON,BATT ON,0:08:24
0:00:01,44.975769,-93.232292,0,0/0/2000,0:00:00,fix,0,0,0,419.3,146.15,146.15,146.15,OPC ON,BATT ON,0:08:30
0:00:01,44.975769,-93.232292,0,0/0/2000,0:00:00,fix,0,0,0,419.3,146.15,146.15,146.15,OPC ON,BATT ON,0:08:35
0:00:01,44.975769,-93.232292,0,0/0/2000,0:00:00,fix,0,0,0,419.3,146.15,146.15,146.15,OPC ON,BATT ON,0:08:41
0:00:01,44.975769,-93.232292,0,0/0/2000,0:00:00,fix,0,0,0,419.3,146.15,146.15,146.15,OPC ON,BATT ON,0:08:46
0:00:01,44.975769,-93.232292,0,0/0/2000,0:00:00,fix,0,0,0,419.3,146.15,146.15,146.15,OPC ON,BATT ON,0:08:51
0:00:01,44.975769,-93.232292,0,0/0/2000,0:00:00,fix,0,0,0,419.3,146.15,146.15,146.15,OPC ON,BATT ON,0:08:57
0:00:01,44.975769,-93.232292,0,0/0/2000,0:00:00,fix,0,0,0,419.3,146.15,146.15,146.15,OPC ON,BATT ON,0:09:02
0:00:01,44.975769,-93.232292,0,0/0/2000,0:00:00,fix,0,0,0,419.3,146.15,146.15,146.15,OPC ON,BATT ON,0:09:08
0:00:01,44.975769,-93.232292,0,0/0/2000,0:00:00,fix,0,0,0,419.3,146.15,146.15,146.15,OPC ON,BATT ON,0:09:13
0:00:01,44.975769,-93.232292,0,0/0/2000,0:00:00,fix,0,0,0,419.3,146.15,146.15,146.15,OPC ON,BATT ON,0:09:19
0:00:01,44.975769,-93.232292,0,0/0/2000,0:00:00,fix,0,0,0,419.3,146.15,146.15,146.15,OPC ON,BATT ON,0:09:24
0:00:01,44.975769,-93.232292,0,0/0/2000,0:00:00,fix,0,0,0,419.3,146.15,146.15,146.15,OPC ON,BATT ON,0:09:29
0:00:01,44.975769,-93.232292,0,0/0/2000,0:00:00,fix,0,0,0,419.3,146.15,146.15,146.15,OPC ON,BATT ON,0:09:35
0:00:01,44.975769,-93.232292,0,0/0/2000,0:00:00,fix,0,0,0,419.3,146.15,146.15,146.15,OPC ON,BATT ON,0:09:40
0:00:01,44.975769,-93.232292,0,0/0/2000,0:00:00,fix,0,0,0,419.3,146.15,146.15,146.15,OPC ON,BATT ON,0:09:46
0:00:01,44.975769,-93.232292,0,0/0/2000,0:00:00,fix,0,0,0,419.3,146.15,146.15,146.15,OPC ON,BATT ON,0:09:51
0:00:01,44.975769,-93.232292,0,0/0/2000,0:00:00,fix,0,0,0,419.3,146.15,146.15,146.15,OPC ON,BATT ON,0:09:57
0:00:01,44.975769,-93.232292,0,0/0/2000,0:00:00,fix,0,0,0,419.3,146.15,146.15,146.15,OPC ON,BATT ON,0:10:02
0:00:01,44.975769,-93.232292,0,0/0/2000,0:00:00,fix,0,0,0,419.3,146.15,146.15,146.15,OPC ON,BATT ON,0:10:07
0:00:01,44.975769,-93.232292,0,0/0/2000,0:00:00,fix,0,0,0,419.3,146.15,146.15,146.15,OPC ON,BATT ON,0:10:13
0:00:01,44.975769,-93.232292,0,0/0/2000,0:00:00,fix,0,0,0,419.3,146.15,146.15,146.15,OPC ON,BATT ON,0:10:18
0:00:01,44.975769,-93.232292,0,0/0/2000,0:00:00,fix,0,0,0,419.3,146.15,146.15,146.15,OPC ON,BATT ON,0:10:24
0:00:01,44.975769,-93.232292,0,0/0/2000,0:00:00,fix,0,0,0,419.3,146.15,146.15,146.15,OPC ON,BATT ON,0:10:29
0:00:01,44.975769,-93.232292,0,0/0/2000,0:00:00,fix,0,0,0,419.3,146.15,146.15,146.15,OPC ON,BATT ON,0:10:35
0:00:01,44.975769,-93.232292,0,0/0/2000,0:00:00,fix,0,0,0,419.3,146.15,146.15,146.15,OPC ON,BATT ON,0:10:40
0:00:01,44.975769,-93.232292,0,0/0/2000,0:00:00,fix,0,0,0,419.3,146.15,146.15,146.15,OPC ON,BATT ON,0:10:45
0:00:01,44.975769,-93.232292,0,0/0/2000,0:00:00,fix,0,0,0,419.3,146.15,146.15,146.15,OPC ON,BATT ON,0:10:51
0:00:01,44.975769,-93.232292,0,0/0/2000,0:00:00,fix,0,0,0,419.3,146.15,146.15,146.15,OPC ON,BATT ON,0:10:56
0:00:01,44.975769,-93.232292,0,0/0/2000,0:00:00,fix,0,0,0,419.3,146.15,146.15,146.15,OPC ON,BATT ON,0:11:02
0:00:01,44.975769,-93.232292,0,0/0/2000,0:00:00,fix,0,0,0,419.3,146.15,146.15,146.15,OPC ON,BATT ON,0:11:07
0:00:01,44.975769,-93.232292,0,0/0/2000,0:00:00,fix,0,0,0,419.3,146.15,146.15,146.15,OPC ON,BATT ON,0:11:13
0:00:01,44.975769,-93.232292,0,0/0/2000,0:00:00,fix,0,0,0,419.3,146.15,146.15,146.15,OPC ON,BATT ON,0:11:18
0:00:01,44.975769,-93.232292,0,0/0/2000,0:00:00,fix,0,0,0,419.3,146.15,146.15,146.15,OPC ON,BATT ON,0:11:23
0:00:01,44.975769,-93.232292,0,0/0/2000,0:00:00,fix,0,0,0,419.3,146.15,146.15,146.15,OPC ON,BATT ON,0:11:29
0:00:01,44.975769,-93.232292,0,0/0/2000,0:00:00,fix,0,0,0,419.3,146.15,146.15,146.15,OPC ON,BATT ON,0:11:34
0:00:01,44.975769,-93.232292,0,0/0/2000,0:00:00,fix,0,0,0,419.3,146.15,146.15,146.15,OPC ON,BATT ON,0:11:40
0:00:01,44.975769,-93.232292,0,0/0/2000,0:00:00,fix,0,0,0,419.3,146.15,146.15,146.15,OPC ON,BATT ON,0:11:45
0:00:01,44.975769,-93.232292,0,0/0/2000,0:00:00,fix,0,0,0,419.3,146.15,146.15,146.15,OPC ON,BATT ON,0:11:51
0:00:01,44.975769,-93.232292,0,0/0/2000,0:00:00,fix,0,0,0,419.3,146.15,146.15,146.15,OPC ON,BATT ON,0:11:56
0:00:01,44.975769,-93.232292,0,0/0/2000,0:00:00,fix,0,0,0,419.3,146.15,146.15,146.15,OPC ON,BATT ON,0:12:01
0:00:01,44.975769,-93.232292,0,0/0/2000,0:00:00,fix,0,0,0,419.3,146.15,146.15,146.15,OPC ON,BATT ON,0:12:07
0:00:01,44.975769,-93.232292,0,0/0/2000,0:00:00,fix,0,0,0,419.3,146.15,146.15,146.15,OPC ON,BATT ON,0:12:12
0:00:01,44.975769,-93.232292,0,0/0/2000,0:00:00,fix,0,0,0,419.3,146.15,146.15,146.15,OPC ON,BATT ON,0:12:18
0:00:01,44.975769,-93.232292,0,0/0/2000,0:00:00,fix,0,0,0,419.3,146.15,146.15,146.15,OPC ON,BATT ON,0:12:23
0:00:01,44.975769,-93.232292,0,0/0/2000,0:00:00,fix,0,0,0,419.3,146.15,146.15,146.15,OPC ON,BATT ON,0:12:29
0:00:01,44.975769,-93.232292,0,0/0/2000,0:00:00,fix,0,0,0,419.3,146.15,146.15,146.15,OPC ON,BATT ON,0:12:34
0:00:01,44.975769,-93.232292,0,0/0/2000,0:00:00,fix,0,0,0,419.3,146.15,146.15,146.15,OPC ON,BATT ON,0:12:39
0:00:01,44.975769,-93.232292,0,0/0/2000,0:00:00,fix,0,0,0,419.3,146.15,146.15,146.15,OPC ON,BATT ON,0:12:45
0:00:01,44.975769,-93.232292,0,0/0/2000,0:00:00,fix,0,0,0,419.3,146.15,146.15,146.15,OPC ON,BATT ON,0:12:50
0:00:01,44.975769,-93.232292,0,0/0/2000,0:00:00,fix,0,0,0,419.3,146.15,146.15,146.15,OPC ON,BATT ON,0:12:56
0:00:01,44.975769,-93.232292,0,0/0/2000,0:00:00,fix,0,0,0,419.3,146.15,146.15,146.15,OPC ON,BATT ON,0:13:01
0:00:01,44.975769,-93.232292,0,0/0/2000,0:00:00,fix,0,0,0,419.3,146.15,146.15,146.15,OPC ON,BATT ON,0:13:07
0:00:01,44.975769,-93.232292,0,0/0/2000,0:00:00,fix,0,0,0,419.3,146.15,146.15,146.15,OPC ON,BATT ON,0:13:12
0:00:01,44.975769,-93.232292,0,0/0/2000,0:00:00,fix,0,0,0,419.3,146.15,146.15,146.15,OPC ON,BATT ON,0:13:18
0:00:01,44.975769,-93.232292,0,0/0/2000,0:00:00,fix,0,0,0,419.3,146.15,146.15,146.15,OPC ON,BATT ON,0:13:23
0:00:01,44.975769,-93.232292,0,0/0/2000,0:00:00,fix,0,0,0,419.3,146.15,146.15,146.15,OPC ON,BATT ON,0:13:28
0:00:01,44.975769,-93.232292,0,0/0/2000,0:00:00,fix,0,0,0,419.3,146.15,146.15,146.15,OPC ON,BATT ON,0:13:34
0:00:01,44.975769,-93.232292,0,0/0/2000,0:00:00,fix,0,0,0,419.3,146.15,146.15,146.15,OPC ON,BATT ON,0:13:39
0:00:01,44.975769,-93.232292,0,0/0/2000,0:00:00,fix,0,0,0,419.3,146.15,146.15,146.15,OPC ON,BATT ON,0:13:45
0:00:01,44.975769,-93.232292,0,0/0/2000,0:00:00,fix,0,0,0,419.3,146.15,146.15,146.15,OPC ON,BATT ON,0:13:50
0:00:01,44.975769,-93.232292,0,0/0/2000,0:00:00,fix,0,0,0,419.3,146.15,146.15,146.15,OPC ON,BATT ON,0:13:56
0:00:01,44.975769,-93.232292,0,0/0/2000,0:00:00,fix,0,0,0,419.3,146.15,146.15,146.15,OPC ON,BATT ON,0:14:01
0:00:01,44.975769,-93.232292,0,0/0/2000,0:00:00,fix,0,0,0,419.3,146.15,146.15,146.15,OPC ON,BATT ON,0:14:06
0:00:01,44.975769,-93.232292,0,0/0/2000,0:00:00,fix,0,0,0,419.3,146.15,146.15,146.15,OPC ON,BATT ON,0:14:12
0:00:01,44.975769,-93.232292,0,0/0/2000,0:00:00,fix,0,0,0,419.3,146.15,146.15,146.15,OPC ON,BATT ON,0:14:17
0:00:01,44.975769,-93.232292,0,0/0/2000,0:00:00,fix,0,0,0,419.3,146.15,146.15,146.15,OPC ON,BATT ON,0:14:23
0:00:01,44.975769,-93.232292,0,0/0/2000,0:00:00,fix,0,0,0,419.3,146.15,146.15,146.15,OPC ON,BATT ON,0:14:28
0:00:01,44.975769,-93.232292,0,0/0/2000,0:00:00,fix,0,0,0,419.3,146.15,146.15,146.15,OPC ON,BATT ON,0:14:34
0:00:01,44.975769,-93.232292,0,0/0/2000,0:00:00,fix,0,0,0,419.3,146.15,146.15,146.15,OPC ON,BATT ON,0:14:39
0:00:01,44.975769,-93.232292,0,0/0/2000,0:00:00,fix,0,0,0,419.3,146.15,146.15,146.15,OPC ON,BATT ON,0:14:44
0:00:01,44.975769,-93.232292,0,0/0/2000,0:00:00,fix,0,0,0,419.3,146.15,146.15,146.15,OPC ON,BATT ON,0:14:50
0:00:01,44.975769,-93.232292,0,0/0/2000,0:00:00,fix,0,0,0,419.3,146.15,146.15,146.15,OPC ON,BATT ON,0:14:55
0:00:01,44.975769,-93.232292,0,0/0/2000,0:00:00,fix,0,0,0,419.3,146.15,146.15,146.15,OPC ON,BATT ON,0:15:01
0:00:01,44.975769,-93.232292,0,0/0/2000,0:00:00,fix,0,0,0,419.3,146.15,146.15,146.15,OPC ON,BATT ON,0:15:06
0:00:01,44.975769,-93.232292,0,0/0/2000,0:00:00,fix,0,0,0,419.3,146.15,146.15,146.15,OPC ON,BATT ON,0:15:12
0:00:01,44.975769,-93.232292,0,0/0/2000,0:00:00,fix,0,0,0,419.3,146.15,146.15,146.15,OPC ON,BATT ON,0:15:17
0:00:01,44.975769,-93.232292,0,0/0/2000,0:00:00,fix,0,0,0,419.3,146.15,146.15,146.15,OPC ON,BATT ON,0:15:22
0:00:01,44.975769,-93.232292,0,0/0/2000,0:00:00,fix,0,0,0,419.3,146.15,146.15,146.15,OPC ON,BATT ON,0:15:28
0:00:01,44.975769,-93.232292,0,0/0/2000,0:00:00,fix,0,0,0,419.3,146.15,146.15,146.15,OPC ON,BATT ON,0:15:33
0:00:01,44.975769,-93.232292,0,0/0/2000,0:00:00,fix,0,0,0,419.3,146.15,146.15,146.15,OPC ON,BATT ON,0:15:39
0:00:01,44.975769,-93.232292,0,0/0/2000,0:00:00,fix,0,0,0,419.3,146.15,146.15,146.15,OPC ON,BATT ON,0:15:44
0:00:01,44.975769,-93.232292,0,0/0/2000,0:00:00,fix,0,0,0,419.3,146.15,146.15,146.15,OPC ON,BATT ON,0:15:50
0:00:01,44.975769,-93.232292,0,0/0/2000,0:00:00,fix,0,0,0,419.3,146.15,146.15,146.15,OPC ON,BATT ON,0:15:55
0:00:01,44.975769,-93.232292,0,0/0/2000,0:00:00,fix,0,0,0,419.3,146.15,146.15,146.15,OPC ON,BATT ON,0:16:00
0:00:01,44.975769,-93.232292,0,0/0/2000,0:00:00,fix,0,0,0,419.3,146.15,146.15,146.15,OPC ON,BATT ON,0:16:06
0:00:01,44.975769,-93.232292,0,0/0/2000,0:00:00,fix,0,0,0,419.3,146.15,146.15,146.15,OPC ON,BATT ON,0:16:11
0:00:01,44.975769,-93.232292,0,0/0/2000,0:00:00,fix,0,0,0,419.3,146.15,146.15,146.15,OPC ON,BATT ON,0:16:17
0:00:01,44.975769,-93.232292,0,0/0/2000,0:00:00,fix,0,0,0,419.3,146.15,146.15,146.15,OPC ON,BATT ON,0:16:22
0:00:01,44.975769,-93.232292,0,0/0/2000,0:00:00,fix,0,0,0,419.3,146.15,146.15,146.15,OPC ON,BATT ON,0:16:28
0:00:01,44.975769,-93.232292,0,0/0/2000,0:00:00,fix,0,0,0,419.3,146.15,146.15,146.15,OPC ON,BATT ON,0:16:33
0:00:01,44.975769,-93.232292,0,0/0/2000,0:00:00,fix,0,0,0,419.3,146.15,146.15,146.15,OPC ON,BATT ON,0:16:38
0:00:01,44.975769,-93.232292,0,0/0/2000,0:00:00,fix,0,0,0,419.3,146.15,146.15,146.15,OPC ON,BATT ON,0:16:44
0:00:01,44.975769,-93.232292,0,0/0/2000,0:00:00,fix,0,0,0,419.3,146.15,146.15,146.15,OPC ON,BATT ON,0:16:49
0:00:01,44.975769,-93.232292,0,0/0/2000,0:00:00,fix,0,0,0,419.3,146.15,146.15,146.15,OPC ON,BATT ON,0:16:55
0:00:01,44.975769,-93.232292,0,0/0/2000,0:00:00,fix,0,0,0,419.3,146.15,146.15,146.15,OPC ON,BATT ON,0:17:00
0:00:01,44.975769,-93.232292,0,0/0/2000,0:00:00,fix,0,0,0,419.3,146.15,146.15,146.15,OPC ON,BATT ON,0:17:06
0:00:01,44.975769,-93.232292,0,0/0/2000,0:00:00,fix,0,0,0,419.3,146.15,146.15,146.15,OPC ON,BATT ON,0:17:11
0:00:01,44.975769,-93.232292,0,0/0/2000,0:00:00,fix,0,0,0,419.3,146.15,146.15,146.15,OPC ON,BATT ON,0:17:16
0:00:01,44.975769,-93.232292,0,0/0/2000,0:00:00,fix,0,0,0,419.3,146.15,146.15,146.15,OPC ON,BATT ON,0:17:22
0:00:01,44.975769,-93.232292,0,0/0/2000,0:00:00,fix,0,0,0,419.3,146.15,146.15,146.15,OPC ON,BATT ON,0:17:27
0:00:01,44.975769,-93.232292,0,0/0/2000,0:00:00,fix,0,0,0,419.3,146.15,146.15,146.15,OPC ON,BATT ON,0:17:33
0:00:01,44.975769,-93.232292,0,0/0/2000,0:00:00,fix,0,0,0,419.3,146.15,146.15,146.15,OPC ON,BATT ON,0:17:38
0:00:01,44.975769,-93.232292,0,0/0/2000,0:00:00,fix,0,0,0,419.3,146.15,146.15,146.15,OPC ON,BATT ON,0:17:44
0:00:01,44.975769,-93.232292,0,0/0/2000,0:00:00,fix,0,0,0,419.3,146.15,146.15,146.15,OPC ON,BATT ON,0:17:49
0:00:01,44.975769,-93.232292,0,0/0/2000,0:00:00,fix,0,0,0,419.3,146.15,146.15,146.15,OPC ON,BATT ON,0:17:54
0:00:01,44.975769,-93.232292,0,0/0/2000,0:00:00,fix,0,0,0,419.3,146.15,146.15,146.15,OPC ON,BATT ON,0:18:00
0:00:01,44.975769,-93.232292,0,0/0/2000,0:00:00,fix,0,0,0,419.3,146.15,146.15,146.15,OPC ON,BATT ON,0:18:05
0:00:01,44.975769,-93.232292,0,0/0/2000,0:00:00,fix,0,0,0,419.3,146.15,146.15,146.15,OPC ON,BATT ON,0:18:11
0:18:13,44.057526,-94.133774,13510.5,0/0/2000,18:13:55,fix,0,0,0,419.3,146.15,146.15,146.15,OPC ON,BATT ON,0:18:16
0:18:20,44.056862,-94.132172,13608.92,0/0/2000,18:14:02,fix,0,0,0,419.3,146.15,146.15,146.15,OPC ON,BATT ON,0:18:22
0:18:25,44.056358,-94.13089,13789.37,0/0/2000,18:14:07,fix,0,0,0,419.3,146.15,146.15,146.15,OPC ON,BATT ON,0:18:27
0:18:32,44.055569,-94.129387,13917.32,0/0/2000,18:14:14,fix,0,0,0,419.3,146.15,146.15,146.15,OPC ON,BATT ON,0:18:32
0:18:34,44.055347,-94.128929,13940.29,0/0/2000,18:14:16,fix,0,0,0,419.3,146.15,146.15,146.15,OPC ON,BATT ON,0:18:38
0:18:41,44.054512,-94.127312,14002.63,0/0/2000,18:14:23,fix,0,0,0,419.3,146.15,146.15,146.15,OPC ON,BATT ON,0:18:43
0:18:46,44.053993,-94.126259,14061.68,0/0/2000,18:14:28,fix,0,0,0,419.3,146.15,146.15,146.15,OPC ON,BATT ON,0:18:49
0:18:53,44.053265,-94.124763,14107.61,0/0/2000,18:14:35,fix,0,0,0,419.3,146.15,146.15,146.15,OPC ON,BATT ON,0:18:54
0:18:58,44.052723,-94.12368,14150.26,0/0/2000,18:14:40,fix,0,0,0,419.3,146.15,146.15,146.15,OPC ON,BATT ON,0:19:00
0:19:05,44.05196,-94.122162,14202.76,0/0/2000,18:14:47,fix,0,0,0,419.3,146.15,146.15,146.15,OPC ON,BATT ON,0:19:05
0:19:05,44.05196,-94.122162,14202.76,0/0/2000,18:14:47,fix,0,0,0,419.3,146.15,146.15,146.15,OPC ON,BATT ON,0:19:11
0:19:14,44.050911,-94.12011,14350.39,0/0/2000,18:14:56,fix,0,0,0,419.3,146.15,146.15,146.15,OPC ON,BATT ON,0:19:16
0:19:19,44.050526,-94.118996,14438.98,0/0/2000,18:15:01,fix,0,0,0,419.3,146.15,146.15,146.15,OPC ON,BATT ON,0:19:21
0:19:26,44.049759,-94.11747,14540.68,0/0/2000,18:15:08,fix,0,0,0,419.3,146.15,146.15,146.15,OPC ON,BATT ON,0:19:27
0:19:28,44.049503,-94.117004,14570.21,0/0/2000,18:15:10,fix,0,0,0,419.3,146.15,146.15,146.15,OPC ON,BATT ON,0:19:32
0:19:35,44.048645,-94.115334,14635.83,0/0/2000,18:15:17,fix,0,0,0,419.3,146.15,146.15,146.15,OPC ON,BATT ON,0:19:38
0:19:40,44.047981,-94.114105,14708,0/0/2000,18:15:22,fix,0,0,0,419.3,146.15,146.15,146.15,OPC ON,BATT ON,0:19:43
0:19:47,44.047089,-94.112373,14806.43,0/0/2000,18:15:29,fix,0,0,0,419.3,146.15,146.15,146.15,OPC ON,BATT ON,0:19:49
0:19:52,44.046444,-94.11113,14878.61,0/0/2000,18:15:34,fix,0,0,0,419.3,146.15,146.15,146.15,OPC ON,BATT ON,0:19:54
0:19:59,44.045456,-94.109886,14881.89,0/0/2000,18:15:41,fix,0,0,0,419.3,146.15,146.15,146.15,OPC ON,BATT ON,0:20:00
0:20:01,44.045757,-94.109787,14872.05,0/0/2000,18:15:43,fix,0,0,0,419.3,146.15,146.15,146.15,OPC ON,BATT ON,0:20:05
0:20:08,44.044842,-94.107872,15006.56,0/0/2000,18:15:50,fix,0,0,0,419.3,146.15,146.15,146.15,OPC ON,BATT ON,0:20:10
0:20:15,44.043922,-94.105919,15121.39,0/0/2000,18:15:57,fix,0,0,0,419.3,146.15,146.15,146.15,OPC ON,BATT ON,0:20:16
0:20:20,44.043297,-94.104546,15209.97,0/0/2000,18:16:02,fix,0,0,0,419.3,146.15,146.15,146.15,OPC ON,BATT ON,0:20:21
0:20:25,44.042755,-94.103256,15252.63,0/0/2000,18:16:07,fix,0,0,0,419.3,146.15,146.15,146.15,OPC ON,BATT ON,0:20:27
0:20:32,44.042068,-94.101387,15344.49,0/0/2000,18:16:14,fix,0,0,0,419.3,146.15,146.15,146.15,OPC ON,BATT ON,0:20:32
0:20:34,44.041897,-94.100845,15360.89,0/0/2000,18:16:16,fix,0,0,0,419.3,146.15,146.15,146.15,OPC ON,BATT ON,0:20:38
0:20:41,44.041275,-94.098961,15436.35,0/0/2000,18:16:23,fix,0,0,0,419.3,146.15,146.15,146.15,OPC ON,BATT ON,0:20:43
0:20:48,44.040604,-94.096947,15551.18,0/0/2000,18:16:30,fix,0,0,0,419.3,146.15,146.15,146.15,OPC ON,BATT ON,0:20:49
0:20:53,44.040173,-94.09552,15636.48,0/0/2000,18:16:35,fix,0,0,0,419.3,146.15,146.15,146.15,OPC ON,BATT ON,0:20:54
0:20:55,44.039986,-94.094933,15679.13,0/0/2000,18:16:37,fix,0,0,0,419.3,146.15,146.15,146.15,OPC ON,BATT ON,0:20:59
0:21:02,44.03933,-94.092949,15803.81,0/0/2000,18:16:44,fix,0,0,0,419.3,146.15,146.15,146.15,OPC ON,BATT ON,0:21:05
0:21:09,44.038651,-94.090973,15898.95,0/0/2000,18:16:51,fix,0,0,0,419.3,146.15,146.15,146.15,OPC ON,BATT ON,0:21:10
0:21:14,44.038158,-94.089607,15948.16,0/0/2000,18:16:56,fix,0,0,0,419.3,146.15,146.15,146.15,OPC ON,BATT ON,0:21:16
0:21:21,44.037373,-94.087723,16036.75,0/0/2000,18:17:03,fix,0,0,0,419.3,146.15,146.15,146.15,OPC ON,BATT ON,0:21:21
0:21:23,44.037132,-94.087212,16066.27,0/0/2000,18:17:05,fix,0,0,0,419.3,146.15,146.15,146.15,OPC ON,BATT ON,0:21:27
0:21:30,44.036316,-94.085526,16171.26,0/0/2000,18:17:12,fix,0,0,0,419.3,146.15,146.15,146.15,OPC ON,BATT ON,0:21:32
0:21:37,44.035198,-94.084038,16125.33,0/0/2000,18:17:19,fix,0,0,0,419.3,146.15,146.15,146.15,OPC ON,BATT ON,0:21:38
0:21:42,44.03492,-94.082733,16289.37,0/0/2000,18:17:24,fix,0,0,0,419.3,146.15,146.15,146.15,OPC ON,BATT ON,0:21:43
0:21:44,44.034725,-94.082291,16312.34,0/0/2000,18:17:26,fix,0,0,0,419.3,146.15,146.15,146.15,OPC ON,BATT ON,0:21:48
0:21:51,44.034058,-94.080589,16453.41,0/0/2000,18:17:33,fix,0,0,0,419.3,146.15,146.15,146.15,OPC ON,BATT ON,0:21:54
0:21:58,44.033424,-94.07885,16587.93,0/0/2000,18:17:40,fix,0,0,0,419.3,146.15,146.15,146.15,OPC ON,BATT ON,0:21:59
0:22:03,44.032986,-94.077591,16650.26,0/0/2000,18:17:45,fix,0,0,0,419.3,146.15,146.15,146.15,OPC ON,BATT ON,0:22:05
0:22:10,44.032364,-94.075745,16768.37,0/0/2000,18:17:52,fix,0,0,0,419.3,146.15,146.15,146.15,OPC ON,BATT ON,0:22:10
0:22:12,44.032162,-94.075188,16797.9,0/0/2000,18:17:54,fix,0,0,0,419.3,146.15,146.15,146.15,OPC ON,BATT ON,0:22:16
0:22:19,44.031391,-94.073395,16873.36,0/0/2000,18:18:01,fix,0,0,0,419.3,146.15,146.15,146.15,OPC ON,BATT ON,0:22:21
0:22:26,44.030598,-94.071815,16958.66,0/0/2000,18:18:08,fix,0,0,0,419.3,146.15,146.15,146.15,OPC ON,BATT ON,0:22:27
0:22:31,44.029907,-94.070732,16981.63,0/0/2000,18:18:13,fix,0,0,0,419.3,146.15,146.15,146.15,OPC ON,BATT ON,0:22:32
0:22:36,44.029331,-94.069595,17050.53,0/0/2000,18:18:18,fix,0,0,0,419.3,146.15,146.15,146.15,OPC ON,BATT ON,0:22:37
0:22:40,44.02887,-94.068718,17089.89,0/0/2000,18:18:22,fix,0,0,0,419.3,146.15,146.15,146.15,OPC ON,BATT ON,0:22:43
0:22:47,44.028088,-94.067223,17175.2,0/0/2000,18:18:29,fix,0,0,0,419.3,146.15,146.15,146.15,OPC ON,BATT ON,0:22:48
0:22:52,44.027523,-94.066101,17247.38,0/0/2000,18:18:34,fix,0,0,0,419.3,146.15,146.15,146.15,OPC ON,BATT ON,0:22:54
0:22:59,44.026764,-94.064438,17352.36,0/0/2000,18:18:41,fix,0,0,0,419.3,146.15,146.15,146.15,OPC ON,BATT ON,0:22:59
0:23:04,44.026291,-94.063133,17395.01,0/0/2000,18:18:46,fix,0,0,0,419.3,146.15,146.15,146.15,OPC ON,BATT ON,0:23:05
0:23:06,44.026085,-94.062592,17404.86,0/0/2000,18:18:48,fix,0,0,0,419.3,146.15,146.15,146.15,OPC ON,BATT ON,0:23:10
0:23:13,44.025417,-94.060928,17490.16,0/0/2000,18:18:55,fix,0,0,0,419.3,146.15,146.15,146.15,OPC ON,BATT ON,0:23:15
0:23:20,44.024754,-94.059013,17552.49,0/0/2000,18:19:02,fix,0,0,0,419.3,146.15,146.15,146.15,OPC ON,BATT ON,0:23:21
0:23:25,44.024429,-94.057877,17562.34,0/0/2000,18:19:07,fix,0,0,0,419.3,146.15,146.15,146.15,OPC ON,BATT ON,0:23:26
0:23:29,44.024101,-94.056923,17591.86,0/0/2000,18:19:11,fix,0,0,0,419.3,146.15,146.15,146.15,OPC ON,BATT ON,0:23:32
0:23:37,44.023369,-94.054764,17644.36,0/0/2000,18:19:19,fix,0,0,0,419.3,146.15,146.15,146.15,OPC ON,BATT ON,0:23:37
0:23:41,44.022976,-94.05368,17690.29,0/0/2000,18:19:23,fix,0,0,0,419.3,146.15,146.15,146.15,OPC ON,BATT ON,0:23:43
0:23:48,44.022297,-94.051788,17772.31,0/0/2000,18:19:30,fix,0,0,0,419.3,146.15,146.15,146.15,OPC ON,BATT ON,0:23:48
0:23:53,44.02177,-94.050484,17867.45,0/0/2000,18:19:35,fix,0,0,0,419.3,146.15,146.15,146.15,OPC ON,BATT ON,0:23:54
0:23:55,44.021564,-94.050011,17910.11,0/0/2000,18:19:37,fix,0,0,0,419.3,146.15,146.15,146.15,OPC ON,BATT ON,0:23:59
0:24:02,44.020958,-94.048218,18028.21,0/0/2000,18:19:44,fix,0,0,0,419.3,146.15,146.15,146.15,OPC ON,BATT ON,0:24:04
0:24:07,44.020477,-94.046944,18090.55,0/0/2000,18:19:49,fix,0,0,0,419.3,146.15,146.15,146.15,OPC ON,BATT ON,0:24:10
0:24:14,44.019707,-94.045242,18192.26,0/0/2000,18:19:56,fix,0,0,0,419.3,146.15,146.15,146.15,OPC ON,BATT ON,0:24:15
0:24:16,44.019558,-94.044777,18211.94,0/0/2000,18:19:58,fix,0,0,0,419.3,146.15,146.15,146.15,OPC ON,BATT ON,0:24:21
0:24:26,44.01894,-94.042442,18264.44,0/0/2000,18:20:08,fix,0,0,0,419.3,146.15,146.15,146.15,OPC ON,BATT ON,0:24:26
0:24:28,44.018784,-94.041931,18300.53,0/0/2000,18:20:10,fix,0,0,0,419.3,146.15,146.15,146.15,OPC ON,BATT ON,0:24:32
0:24:35,44.018017,-94.039841,18477.69,0/0/2000,18:20:17,fix,0,0,0,419.3,146.15,146.15,146.15,OPC ON,BATT ON,0:24:37
0:24:42,44.017258,-94.03788,18576.12,0/0/2000,18:20:24,fix,0,0,0,419.3,146.15,146.15,146.15,OPC ON,BATT ON,0:24:43
0:24:47,44.016655,-94.036575,18641.73,0/0/2000,18:20:29,fix,0,0,0,419.3,146.15,146.15,146.15,OPC ON,BATT ON,0:24:48
0:24:51,44.016216,-94.035622,18697.51,0/0/2000,18:20:33,fix,0,0,0,419.3,146.15,146.15,146.15,OPC ON,BATT ON,0:24:53
0:24:56,44.015743,-94.034462,18786.09,0/0/2000,18:20:38,fix,0,0,0,419.3,146.15,146.15,146.15,OPC ON,BATT ON,0:24:59
0:25:03,44.015099,-94.032776,18894.36,0/0/2000,18:20:45,fix,0,0,0,419.3,146.15,146.15,146.15,OPC ON,BATT ON,0:25:04
0:25:08,44.014599,-94.031578,18953.41,0/0/2000,18:20:50,fix,0,0,0,419.3,146.15,146.15,146.15,OPC ON,BATT ON,0:25:10
0:25:15,44.014011,-94.029739,19068.24,0/0/2000,18:20:57,fix,0,0,0,419.3,146.15,146.15,146.15,OPC ON,BATT ON,0:25:15
0:25:20,44.013584,-94.028305,19153.54,0/0/2000,18:21:02,fix,0,0,0,419.3,146.15,146.15,146.15,OPC ON,BATT ON,0:25:21
0:25:25,44.013107,-94.026779,19232.28,0/0/2000,18:21:07,fix,0,0,0,419.3,146.15,146.15,146.15,OPC ON,BATT ON,0:25:26
0:25:31,44.012432,-94.024979,19307.74,0/0/2000,18:21:13,fix,0,0,0,419.3,146.15,146.15,146.15,OPC ON,BATT ON,0:25:32
0:25:36,44.011848,-94.023552,19376.64,0/0/2000,18:21:18,fix,0,0,0,419.3,146.15,146.15,146.15,OPC ON,BATT ON,0:25:37
0:25:38,44.011642,-94.023018,19409.45,0/0/2000,18:21:20,fix,0,0,0,419.3,146.15,146.15,146.15,OPC ON,BATT ON,0:25:42
0:25:45,44.011017,-94.021072,19517.72,0/0/2000,18:21:27,fix,0,0,0,419.3,146.15,146.15,146.15,OPC ON,BATT ON,0:25:48
0:25:52,44.010296,-94.018867,19616.14,0/0/2000,18:21:34,fix,0,0,0,419.3,146.15,146.15,146.15,OPC ON,BATT ON,0:25:53
0:25:57,44.009644,-94.017334,19691.6,0/0/2000,18:21:39,fix,0,0,0,419.3,146.15,146.15,146.15,OPC ON,BATT ON,0:25:59
0:26:04,44.008694,-94.015266,19780.18,0/0/2000,18:21:46,fix,0,0,0,419.3,146.15,146.15,146.15,OPC ON,BATT ON,0:26:04
0:26:09,44.007996,-94.013794,19842.52,0/0/2000,18:21:51,fix,0,0,0,419.3,146.15,146.15,146.15,OPC ON,BATT ON,0:26:10
0:26:13,44.00745,-94.012589,19872.05,0/0/2000,18:21:55,fix,0,0,0,419.3,146.15,146.15,146.15,OPC ON,BATT ON,0:26:15
0:26:20,44.006641,-94.010658,19970.47,0/0/2000,18:22:02,fix,0,0,0,419.3,146.15,146.15,146.15,OPC ON,BATT ON,0:26:21
0:26:25,44.006123,-94.009224,20029.53,0/0/2000,18:22:07,fix,0,0,0,419.3,146.15,146.15,146.15,OPC ON,BATT ON,0:26:26
0:26:30,44.005623,-94.007759,20082.02,0/0/2000,18:22:12,fix,0,0,0,419.3,146.15,146.15,146.15,OPC ON,BATT ON,0:26:31
0:26:34,44.005241,-94.006584,20124.67,0/0/2000,18:22:16,fix,0,0,0,419.3,146.15,146.15,146.15,OPC ON,BATT ON,0:26:37
0:26:41,44.004601,-94.004486,20223.1,0/0/2000,18:22:23,fix,0,0,0,419.3,146.15,146.15,146.15,OPC ON,BATT ON,0:26:42
0:26:46,44.004196,-94.002998,20285.43,0/0/2000,18:22:28,fix,0,0,0,419.3,146.15,146.15,146.15,OPC ON,BATT ON,0:26:48
0:26:53,44.003681,-94.000908,20393.7,0/0/2000,18:22:35,fix,0,0,0,419.3,146.15,146.15,146.15,OPC ON,BATT ON,0:26:53
0:26:55,44.003593,-94.000343,20423.23,0/0/2000,18:22:37,fix,0,0,0,419.3,146.15,146.15,146.15,OPC ON,BATT ON,0:26:59
0:27:02,44.003139,-93.998169,20521.65,0/0/2000,18:22:44,fix,0,0,0,419.3,146.15,146.15,146.15,OPC ON,BATT ON,0:27:04
0:27:09,44.002617,-93.995964,20646.32,0/0/2000,18:22:51,fix,0,0,0,419.3,146.15,146.15,146.15,OPC ON,BATT ON,0:27:09
0:27:14,44.002228,-93.994423,20757.87,0/0/2000,18:22:56,fix,0,0,0,419.3,146.15,146.15,146.15,OPC ON,BATT ON,0:27:15
0:27:16,44.002071,-93.993813,20803.81,0/0/2000,18:22:58,fix,0,0,0,419.3,146.15,146.15,146.15,OPC ON,BATT ON,0:27:20
0:27:23,44.001694,-93.991798,20958.01,0/0/2000,18:23:05,fix,0,0,0,419.3,146.15,146.15,146.15,OPC ON,BATT ON,0:27:26
0:27:28,44.001442,-93.990326,21030.19,0/0/2000,18:23:10,fix,0,0,0,419.3,146.15,146.15,146.15,OPC ON,BATT ON,0:27:31
0:27:35,44.001148,-93.988274,21194.22,0/0/2000,18:23:17,fix,0,0,0,419.3,146.15,146.15,146.15,OPC ON,BATT ON,0:27:36
0:27:37,44.001064,-93.987648,21223.75,0/0/2000,18:23:19,fix,0,0,0,419.3,146.15,146.15,146.15,OPC ON,BATT ON,0:27:42
0:27:44,44.000732,-93.985435,21309.05,0/0/2000,18:23:26,fix,0,0,0,419.3,146.15,146.15,146.15,OPC ON,BATT ON,0:27:47
0:27:51,44.000389,-93.983017,21384.52,0/0/2000,18:23:33,fix,0,0,0,419.3,146.15,146.15,146.15,OPC ON,BATT ON,0:27:53
0:27:58,43.999878,-93.981026,21479.66,0/0/2000,18:23:40,fix,0,0,0,419.3,146.15,146.15,146.15,OPC ON,BATT ON,0:27:58
0:28:03,43.999603,-93.979645,21568.24,0/0/2000,18:23:45,fix,0,0,0,419.3,146.15,146.15,146.15,OPC ON,BATT ON,0:28:04
0:28:05,43.999386,-93.97908,21597.77,0/0/2000,18:23:47,fix,0,0,0,419.3,146.15,146.15,146.15,OPC ON,BATT ON,0:28:09
0:28:12,43.998837,-93.977127,21748.69,0/0/2000,18:23:54,fix,0,0,0,419.3,146.15,146.15,146.15,OPC ON,BATT ON,0:28:15
0:28:19,43.998505,-93.975128,21860.24,0/0/2000,18:24:01,fix,0,0,0,419.3,146.15,146.15,146.15,OPC ON,BATT ON,0:28:20
0:28:24,43.99831,-93.973709,21925.85,0/0/2000,18:24:06,fix,0,0,0,419.3,146.15,146.15,146.15,OPC ON,BATT ON,0:28:25
0:28:26,43.998203,-93.97319,21952.1,0/0/2000,18:24:08,fix,0,0,0,419.3,146.15,146.15,146.15,OPC ON,BATT ON,0:28:31
0:28:33,43.997845,-93.971352,22050.53,0/0/2000,18:24:15,fix,0,0,0,419.3,146.15,146.15,146.15,OPC ON,BATT ON,0:28:36
0:28:41,43.997452,-93.969254,22165.36,0/0/2000,18:24:23,fix,0,0,0,419.3,146.15,146.15,146.15,OPC ON,BATT ON,0:28:42
0:28:47,43.99704,-93.967628,22244.1,0/0/2000,18:24:29,fix,0,0,0,419.3,146.15,146.15,146.15,OPC ON,BATT ON,0:28:47
0:28:52,43.996834,-93.966217,22303.15,0/0/2000,18:24:34,fix,0,0,0,419.3,146.15,146.15,146.15,OPC ON,BATT ON,0:28:53
0:28:54,43.996685,-93.965591,22332.68,0/0/2000,18:24:36,fix,0,0,0,419.3,146.15,146.15,146.15,OPC ON,BATT ON,0:28:58
0:29:01,43.996288,-93.963417,22450.79,0/0/2000,18:24:43,fix,0,0,0,419.3,146.15,146.15,146.15,OPC ON,BATT ON,0:29:04
0:29:08,43.995876,-93.961273,22572.18,0/0/2000,18:24:50,fix,0,0,0,419.3,146.15,146.15,146.15,OPC ON,BATT ON,0:29:09
0:29:13,43.99559,-93.95977,22637.79,0/0/2000,18:24:55,fix,0,0,0,419.3,146.15,146.15,146.15,OPC ON,BATT ON,0:29:14
0:29:15,43.99543,-93.959152,22667.32,0/0/2000,18:24:57,fix,0,0,0,419.3,146.15,146.15,146.15,OPC ON,BATT ON,0:29:20
0:29:25,43.994888,-93.956215,22775.59,0/0/2000,18:25:07,fix,0,0,0,419.3,146.15,146.15,146.15,OPC ON,BATT ON,0:29:25
0:29:29,43.994514,-93.955093,22824.8,0/0/2000,18:25:11,fix,0,0,0,419.3,146.15,146.15,146.15,OPC ON,BATT ON,0:29:31
0:29:36,43.994034,-93.953339,22952.76,0/0/2000,18:25:18,fix,0,0,0,419.3,146.15,146.15,146.15,OPC ON,BATT ON,0:29:36
0:29:41,43.993721,-93.952141,23015.09,0/0/2000,18:25:23,fix,0,0,0,419.3,146.15,146.15,146.15,OPC ON,BATT ON,0:29:42
0:29:43,43.993542,-93.95166,23047.9,0/0/2000,18:25:25,fix,0,0,0,419.3,146.15,146.15,146.15,OPC ON,BATT ON,0:29:47
0:29:50,43.993183,-93.949875,23139.77,0/0/2000,18:25:32,fix,0,0,0,419.3,146.15,146.15,146.15,OPC ON,BATT ON,0:29:53
0:29:57,43.992752,-93.948097,23257.88,0/0/2000,18:25:39,fix,0,0,0,419.3,146.15,146.15,146.15,OPC ON,BATT ON,0:29:58
0:30:02,43.992332,-93.946815,23366.14,0/0/2000,18:25:44,fix,0,0,0,419.3,146.15,146.15,146.15,OPC ON,BATT ON,0:30:04
0:30:04,43.992168,-93.946259,23402.23,0/0/2000,18:25:46,fix,0,0,0,419.3,146.15,146.15,146.15,OPC ON,BATT ON,0:30:09
0:30:14,43.991421,-93.943451,23546.59,0/0/2000,18:25:56,fix,0,0,0,419.3,146.15,146.15,146.15,OPC ON,BATT ON,0:30:14
0:30:18,43.991093,-93.942497,23608.93,0/0/2000,18:26:00,fix,0,0,0,419.3,146.15,146.15,146.15,OPC ON,BATT ON,0:30:20
0:30:25,43.990585,-93.940872,23674.54,0/0/2000,18:26:07,fix,0,0,0,419.3,146.15,146.15,146.15,OPC ON,BATT ON,0:30:25
0:30:30,43.990124,-93.939743,23690.95,0/0/2000,18:26:12,fix,0,0,0,419.3,146.15,146.15,146.15,OPC ON,BATT ON,0:30:31
0:30:34,43.989895,-93.938591,23736.88,0/0/2000,18:26:16,fix,0,0,0,419.3,146.15,146.15,146.15,OPC ON,BATT ON,0:30:36
0:30:39,43.989552,-93.937088,23825.46,0/0/2000,18:26:21,fix,0,0,0,419.3,146.15,146.15,146.15,OPC ON,BATT ON,0:30:42
0:30:46,43.989033,-93.935135,23937.01,0/0/2000,18:26:28,fix,0,0,0,419.3,146.15,146.15,146.15,OPC ON,BATT ON,0:30:47
0:30:48,43.988892,-93.934608,23969.82,0/0/2000,18:26:30,fix,0,0,0,419.3,146.15,146.15,146.15,OPC ON,BATT ON,0:30:53
0:30:55,43.988689,-93.932831,24074.8,0/0/2000,18:26:37,fix,0,0,0,419.3,146.15,146.15,146.15,OPC ON,BATT ON,0:30:58
0:31:00,43.988628,-93.931328,24153.54,0/0/2000,18:26:42,fix,0,0,0,419.3,146.15,146.15,146.15,OPC ON,BATT ON,0:31:03
0:31:07,43.988346,-93.929344,24229,0/0/2000,18:26:49,fix,0,0,0,419.3,146.15,146.15,146.15,OPC ON,BATT ON,0:31:09
0:31:14,43.98793,-93.927307,24347.11,0/0/2000,18:26:56,fix,0,0,0,419.3,146.15,146.15,146.15,OPC ON,BATT ON,0:31:14
0:31:19,43.987587,-93.925842,24409.45,0/0/2000,18:27:01,fix,0,0,0,419.3,146.15,146.15,146.15,OPC ON,BATT ON,0:31:20
0:31:23,43.987282,-93.92466,24468.51,0/0/2000,18:27:05,fix,0,0,0,419.3,146.15,146.15,146.15,OPC ON,BATT ON,0:31:25
0:31:28,43.986866,-93.923256,24547.24,0/0/2000,18:27:10,fix,0,0,0,419.3,146.15,146.15,146.15,OPC ON,BATT ON,0:31:31
0:31:35,43.986366,-93.921364,24639.11,0/0/2000,18:27:17,fix,0,0,0,419.3,146.15,146.15,146.15,OPC ON,BATT ON,0:31:36
0:31:40,43.986126,-93.920059,24724.41,0/0/2000,18:27:22,fix,0,0,0,419.3,146.15,146.15,146.15,OPC ON,BATT ON,0:31:42
0:31:44,43.986095,-93.919212,24812.99,0/0/2000,18:27:26,fix,0,0,0,419.3,146.15,146.15,146.15,OPC ON,BATT ON,0:31:47
0:31:51,43.98587,-93.917091,25003.28,0/0/2000,18:27:33,fix,0,0,0,419.3,146.15,146.15,146.15,OPC ON,BATT ON,0:31:52
0:31:56,43.98558,-93.915558,25072.18,0/0/2000,18:27:38,fix,0,0,0,419.3,146.15,146.15,146.15,OPC ON,BATT ON,0:31:58
0:32:03,43.985088,-93.913223,25160.76,0/0/2000,18:27:45,fix,0,0,0,419.3,146.15,146.15,146.15,OPC ON,BATT ON,0:32:03
0:32:08,43.984711,-93.911583,25226.38,0/0/2000,18:27:50,fix,0,0,0,419.3,146.15,146.15,146.15,OPC ON,BATT ON,0:32:09
0:32:12,43.984413,-93.910248,25285.43,0/0/2000,18:27:54,fix,0,0,0,419.3,146.15,146.15,146.15,OPC ON,BATT ON,0:32:14
0:32:17,43.983906,-93.908623,25360.89,0/0/2000,18:27:59,fix,0,0,0,419.3,146.15,146.15,146.15,OPC ON,BATT ON,0:32:20
0:32:24,43.983337,-93.906525,25426.51,0/0/2000,18:28:06,fix,0,0,0,419.3,146.15,146.15,146.15,OPC ON,BATT ON,0:32:25
0:32:29,43.982964,-93.905037,25479,0/0/2000,18:28:11,fix,0,0,0,419.3,146.15,146.15,146.15,OPC ON,BATT ON,0:32:31
0:32:33,43.982624,-93.903824,25538.06,0/0/2000,18:28:15,fix,0,0,0,419.3,146.15,146.15,146.15,OPC ON,BATT ON,0:32:36
0:32:38,43.982422,-93.902359,25620.08,0/0/2000,18:28:20,fix,0,0,0,419.3,146.15,146.15,146.15,OPC ON,BATT ON,0:32:41
0:32:45,43.982162,-93.90036,25738.19,0/0/2000,18:28:27,fix,0,0,0,419.3,146.15,146.15,146.15,OPC ON,BATT ON,0:32:47
0:32:52,43.981934,-93.898277,25823.49,0/0/2000,18:28:34,fix,0,0,0,419.3,146.15,146.15,146.15,OPC ON,BATT ON,0:32:52
0:32:57,43.981682,-93.896652,25885.83,0/0/2000,18:28:39,fix,0,0,0,419.3,146.15,146.15,146.15,OPC ON,BATT ON,0:32:58
0:32:59,43.981552,-93.896065,25905.51,0/0/2000,18:28:41,fix,0,0,0,419.3,146.15,146.15,146.15,OPC ON,BATT ON,0:33:03
0:33:06,43.981148,-93.893982,25987.53,0/0/2000,18:28:48,fix,0,0,0,419.3,146.15,146.15,146.15,OPC ON,BATT ON,0:33:09
0:33:13,43.980793,-93.891785,26099.08,0/0/2000,18:28:55,fix,0,0,0,419.3,146.15,146.15,146.15,OPC ON,BATT ON,0:33:14
0:33:18,43.980606,-93.890244,26161.42,0/0/2000,18:29:00,fix,0,0,0,419.3,146.15,146.15,146.15,OPC ON,BATT ON,0:33:20
0:33:20,43.98053,-93.889664,26184.38,0/0/2000,18:29:02,fix,0,0,0,419.3,146.15,146.15,146.15,OPC ON,BATT ON,0:33:25
0:33:30,43.980083,-93.886406,26318.9,0/0/2000,18:29:12,fix,0,0,0,419.3,146.15,146.15,146.15,OPC ON,BATT ON,0:33:30
0:33:36,43.979801,-93.884743,26371.39,0/0/2000,18:29:17,fix,0,0,0,419.3,146.15,146.15,146.15,OPC ON,BATT ON,0:33:36
0:33:41,43.97929,-93.882835,26437.01,0/0/2000,18:29:23,fix,0,0,0,419.3,146.15,146.15,146.15,OPC ON,BATT ON,0:33:41
0:33:46,43.97892,-93.88118,26492.78,0/0/2000,18:29:28,fix,0,0,0,419.3,146.15,146.15,146.15,OPC ON,BATT ON,0:33:47
0:33:50,43.978809,-93.879715,26476.38,0/0/2000,18:29:32,fix,0,0,0,419.3,146.15,146.15,146.15,OPC ON,BATT ON,0:33:52
0:33:55,43.978497,-93.878021,26591.21,0/0/2000,18:29:37,fix,0,0,0,419.3,146.15,146.15,146.15,OPC ON,BATT ON,0:33:58
0:34:02,43.978016,-93.875618,26761.81,0/0/2000,18:29:44,fix,0,0,0,419.3,146.15,146.15,146.15,OPC ON,BATT ON,0:34:03
0:34:07,43.977711,-93.874008,26866.8,0/0/2000,18:29:49,fix,0,0,0,419.3,146.15,146.15,146.15,OPC ON,BATT ON,0:34:09
0:34:09,43.977634,-93.873344,26909.45,0/0/2000,18:29:51,fix,0,0,0,419.3,146.15,146.15,146.15,OPC ON,BATT ON,0:34:14
0:34:19,43.977219,-93.870079,27034.12,0/0/2000,18:30:01,fix,0,0,0,419.3,146.15,146.15,146.15,OPC ON,BATT ON,0:34:19
0:34:23,43.977051,-93.868759,27080.05,0/0/2000,18:30:05,fix,0,0,0,419.3,146.15,146.15,146.15,OPC ON,BATT ON,0:34:25
0:34:28,43.97681,-93.867233,27145.67,0/0/2000,18:30:10,fix,0,0,0,419.3,146.15,146.15,146.15,OPC ON,BATT ON,0:34:30
0:34:35,43.976326,-93.86496,27214.57,0/0/2000,18:30:17,fix,0,0,0,419.3,146.15,146.15,146.15,OPC ON,BATT ON,0:34:36
0:34:37,43.976254,-93.864281,27234.25,0/0/2000,18:30:19,fix,0,0,0,419.3,146.15,146.15,146.15,OPC ON,BATT ON,0:34:41
0:34:44,43.976101,-93.862045,27283.46,0/0/2000,18:30:26,fix,0,0,0,419.3,146.15,146.15,146.15,OPC ON,BATT ON,0:34:47
0:34:51,43.975811,-93.859871,27431.1,0/0/2000,18:30:33,fix,0,0,0,419.3,146.15,146.15,146.15,OPC ON,BATT ON,0:34:52
0:34:56,43.97562,-93.858276,27490.16,0/0/2000,18:30:38,fix,0,0,0,419.3,146.15,146.15,146.15,OPC ON,BATT ON,0:34:58
0:34:58,43.975578,-93.857613,27522.96,0/0/2000,18:30:40,fix,0,0,0,419.3,146.15,146.15,146.15,OPC ON,BATT ON,0:35:03
0:35:05,43.975109,-93.855354,27624.67,0/0/2000,18:30:47,fix,0,0,0,419.3,146.15,146.15,146.15,OPC ON,BATT ON,0:35:08
0:35:12,43.974758,-93.852997,27755.9,0/0/2000,18:30:54,fix,0,0,0,419.3,146.15,146.15,146.15,OPC ON,BATT ON,0:35:14
0:35:17,43.974483,-93.851105,27844.49,0/0/2000,18:30:59,fix,0,0,0,419.3,146.15,146.15,146.15,OPC ON,BATT ON,0:35:19
0:35:24,43.974148,-93.848503,27952.76,0/0/2000,18:31:06,fix,0,0,0,419.3,146.15,146.15,146.15,OPC ON,BATT ON,0:35:25
0:35:28,43.973934,-93.846901,28008.53,0/0/2000,18:31:10,fix,0,0,0,419.3,146.15,146.15,146.15,OPC ON,BATT ON,0:35:30
0:35:33,43.973637,-93.845001,28080.71,0/0/2000,18:31:15,fix,0,0,0,419.3,146.15,146.15,146.15,OPC ON,BATT ON,0:35:36
0:35:40,43.972984,-93.84259,28198.82,0/0/2000,18:31:22,fix,0,0,0,419.3,146.15,146.15,146.15,OPC ON,BATT ON,0:35:41
0:35:45,43.972511,-93.840973,28274.28,0/0/2000,18:31:27,fix,0,0,0,419.3,146.15,146.15,146.15,OPC ON,BATT ON,0:35:47
0:35:49,43.972179,-93.839668,28333.33,0/0/2000,18:31:31,fix,0,0,0,419.3,146.15,146.15,146.15,OPC ON,BATT ON,0:35:52
0:35:54,43.971893,-93.838043,28415.36,0/0/2000,18:31:36,fix,0,0,0,419.3,146.15,146.15,146.15,OPC ON,BATT ON,0:35:58
0:36:01,43.971466,-93.835632,28507.22,0/0/2000,18:31:43,fix,0,0,0,419.3,146.15,146.15,146.15,OPC ON,BATT ON,0:36:03
0:36:06,43.971043,-93.833771,28579.4,0/0/2000,18:31:48,fix,0,0,0,419.3,146.15,146.15,146.15,OPC ON,BATT ON,0:36:08
0:36:13,43.970364,-93.831177,28677.82,0/0/2000,18:31:55,fix,0,0,0,419.3,146.15,146.15,146.15,OPC ON,BATT ON,0:36:14
0:36:19,43.97007,-93.829475,28763.12,0/0/2000,18:32:00,fix,0,0,0,419.3,146.15,146.15,146.15,OPC ON,BATT ON,0:36:19
0:36:22,43.969795,-93.828133,28818.9,0/0/2000,18:32:04,fix,0,0,0,419.3,146.15,146.15,146.15,OPC ON,BATT ON,0:36:25
0:36:29,43.969292,-93.825523,28910.76,0/0/2000,18:32:11,fix,0,0,0,419.3,146.15,146.15,146.15,OPC ON,BATT ON,0:36:30
0:36:34,43.968781,-93.823616,28959.97,0/0/2000,18:32:16,fix,0,0,0,419.3,146.15,146.15,146.15,OPC ON,BATT ON,0:36:36
0:36:40,43.968304,-93.821823,29025.59,0/0/2000,18:32:21,fix,0,0,0,419.3,146.15,146.15,146.15,OPC ON,BATT ON,0:36:41
0:36:47,43.967751,-93.819336,29101.05,0/0/2000,18:32:28,fix,0,0,0,419.3,146.15,146.15,146.15,OPC ON,BATT ON,0:36:47
0:36:49,43.967587,-93.81855,29124.02,0/0/2000,18:32:30,fix,0,0,0,419.3,146.15,146.15,146.15,OPC ON,BATT ON,0:36:52
0:36:57,43.966904,-93.815292,29222.44,0/0/2000,18:32:39,fix,0,0,0,419.3,146.15,146.15,146.15,OPC ON,BATT ON,0:36:57
0:37:02,43.966484,-93.813377,29274.94,0/0/2000,18:32:44,fix,0,0,0,419.3,146.15,146.15,146.15,OPC ON,BATT ON,0:37:03
0:37:08,43.966206,-93.811546,29314.3,0/0/2000,18:32:49,fix,0,0,0,419.3,146.15,146.15,146.15,OPC ON,BATT ON,0:37:08
0:37:11,43.965935,-93.809998,29360.24,0/0/2000,18:32:53,fix,0,0,0,419.3,146.15,146.15,146.15,OPC ON,BATT ON,0:37:14
0:37:17,43.965454,-93.808128,29429.13,0/0/2000,18:32:58,fix,0,0,0,419.3,146.15,146.15,146.15,OPC ON,BATT ON,0:37:19
0:37:23,43.964909,-93.805519,29566.93,0/0/2000,18:33:05,fix,0,0,0,419.3,146.15,146.15,146.15,OPC ON,BATT ON,0:37:25
0:37:25,43.964771,-93.804916,29606.3,0/0/2000,18:33:07,fix,0,0,0,419.3,146.15,146.15,146.15,OPC ON,BATT ON,0:37:30
0:37:36,43.963768,-93.801346,29790.03,0/0/2000,18:33:17,fix,0,0,0,419.3,146.15,146.15,146.15,OPC ON,BATT ON,0:37:36
0:37:39,43.963455,-93.79985,29855.64,0/0/2000,18:33:21,fix,0,0,0,419.3,146.15,146.15,146.15,OPC ON,BATT ON,0:37:41
0:37:46,43.962933,-93.797058,29967.19,0/0/2000,18:33:28,fix,0,0,0,419.3,146.15,146.15,146.15,OPC ON,BATT ON,0:37:46
0:37:52,43.962448,-93.795013,30049.21,0/0/2000,18:33:33,fix,0,0,0,419.3,146.15,146.15,146.15,OPC ON,BATT ON,0:37:52
0:37:53,43.962261,-93.794273,30065.62,0/0/2000,18:33:35,fix,0,0,0,419.3,146.15,146.15,146.15,OPC ON,BATT ON,0:37:57
0:38:00,43.961727,-93.791725,30173.88,0/0/2000,18:33:42,fix,0,0,0,419.3,146.15,146.15,146.15,OPC ON,BATT ON,0:38:03
0:38:07,43.961216,-93.789192,30246.06,0/0/2000,18:33:49,fix,0,0,0,419.3,146.15,146.15,146.15,OPC ON,BATT ON,0:38:08
0:38:13,43.960766,-93.787346,30295.28,0/0/2000,18:33:54,fix,0,0,0,419.3,146.15,146.15,146.15,OPC ON,BATT ON,0:38:14
0:38:15,43.960663,-93.786613,30314.96,0/0/2000,18:33:56,fix,0,0,0,419.3,146.15,146.15,146.15,OPC ON,BATT ON,0:38:19
0:38:21,43.960262,-93.783958,30387.14,0/0/2000,18:34:03,fix,0,0,0,419.3,146.15,146.15,146.15,OPC ON,BATT ON,0:38:25
0:38:28,43.959743,-93.781326,30482.28,0/0/2000,18:34:10,fix,0,0,0,419.3,146.15,146.15,146.15,OPC ON,BATT ON,0:38:30
0:38:35,43.959393,-93.778603,30564.3,0/0/2000,18:34:17,fix,0,0,0,419.3,146.15,146.15,146.15,OPC ON,BATT ON,0:38:35
0:38:41,43.958942,-93.776711,30626.64,0/0/2000,18:34:22,fix,0,0,0,419.3,146.15,146.15,146.15,OPC ON,BATT ON,0:38:41
0:38:43,43.9589,-93.775925,30649.61,0/0/2000,18:34:24,fix,0,0,0,419.3,146.15,146.15,146.15,OPC ON,BATT ON,0:38:46
0:38:49,43.958588,-93.77317,30725.06,0/0/2000,18:34:31,fix,0,0,0,419.3,146.15,146.15,146.15,OPC ON,BATT ON,0:38:52
0:38:56,43.958191,-93.770622,30803.8,0/0/2000,18:34:38,fix,0,0,0,419.3,146.15,146.15,146.15,OPC ON,BATT ON,0:38:57
0:39:02,43.957737,-93.76873,30869.42,0/0/2000,18:34:43,fix,0,0,0,419.3,146.15,146.15,146.15,OPC ON,BATT ON,0:39:03
0:39:04,43.957703,-93.768044,30885.83,0/0/2000,18:34:45,fix,0,0,0,419.3,146.15,146.15,146.15,OPC ON,BATT ON,0:39:08
0:39:11,43.957329,-93.765373,31013.78,0/0/2000,18:34:52,fix,0,0,0,419.3,146.15,146.15,146.15,OPC ON,BATT ON,0:39:14
0:39:17,43.956963,-93.762634,31125.33,0/0/2000,18:34:59,fix,0,0,0,419.3,146.15,146.15,146.15,OPC ON,BATT ON,0:39:19
0:39:24,43.956547,-93.760117,31217.19,0/0/2000,18:35:06,fix,0,0,0,419.3,146.15,146.15,146.15,OPC ON,BATT ON,0:39:24
0:39:30,43.956192,-93.75811,31269.69,0/0/2000,18:35:11,fix,0,0,0,419.3,146.15,146.15,146.15,OPC ON,BATT ON,0:39:30
0:39:33,43.955906,-93.756744,31325.46,0/0/2000,18:35:15,fix,0,0,0,419.3,146.15,146.15,146.15,OPC ON,BATT ON,0:39:35
0:39:40,43.955524,-93.754204,31410.76,0/0/2000,18:35:22,fix,0,0,0,419.3,146.15,146.15,146.15,OPC ON,BATT ON,0:39:41
0:39:45,43.95525,-93.752205,31469.82,0/0/2000,18:35:27,fix,0,0,0,419.3,146.15,146.15,146.15,OPC ON,BATT ON,0:39:46
0:39:47,43.955059,-93.751404,31496.06,0/0/2000,18:35:29,fix,0,0,0,419.3,146.15,146.15,146.15,OPC ON,BATT ON,0:39:52
0:39:54,43.954521,-93.748749,31601.05,0/0/2000,18:35:36,fix,0,0,0,419.3,146.15,146.15,146.15,OPC ON,BATT ON,0:39:57
0:40:01,43.954056,-93.745972,31699.47,0/0/2000,18:35:43,fix,0,0,0,419.3,146.15,146.15,146.15,OPC ON,BATT ON,0:40:03
0:40:07,43.953712,-93.744118,31755.25,0/0/2000,18:35:48,fix,0,0,0,419.3,146.15,146.15,146.15,OPC ON,BATT ON,0:40:08
0:40:14,43.953392,-93.741577,31863.52,0/0/2000,18:35:55,fix,0,0,0,419.3,146.15,146.15,146.15,OPC ON,BATT ON,0:40:14
0:40:19,43.953129,-93.739502,31932.41,0/0/2000,18:36:00,fix,0,0,0,419.3,146.15,146.15,146.15,OPC ON,BATT ON,0:40:19
0:40:22,43.952778,-93.73793,31988.19,0/0/2000,18:36:04,fix,0,0,0,419.3,146.15,146.15,146.15,OPC ON,BATT ON,0:40:24
0:40:28,43.952576,-93.736092,32043.96,0/0/2000,18:36:09,fix,0,0,0,419.3,146.15,146.15,146.15,OPC ON,BATT ON,0:40:30
0:40:35,43.952209,-93.733353,32129.27,0/0/2000,18:36:16,fix,0,0,0,419.3,146.15,146.15,146.15,OPC ON,BATT ON,0:40:35
0:40:37,43.952038,-93.732605,32152.23,0/0/2000,18:36:18,fix,0,0,0,419.3,146.15,146.15,146.15,OPC ON,BATT ON,0:40:41
0:40:44,43.95153,-93.729767,32267.06,0/0/2000,18:36:25,fix,0,0,0,419.3,146.15,146.15,146.15,OPC ON,BATT ON,0:40:46
0:40:50,43.95105,-93.727158,32391.73,0/0/2000,18:36:32,fix,0,0,0,419.3,146.15,146.15,146.15,OPC ON,BATT ON,0:40:52
0:40:56,43.950851,-93.725182,32467.19,0/0/2000,18:36:37,fix,0,0,0,419.3,146.15,146.15,146.15,OPC ON,BATT ON,0:40:57
0:41:03,43.950424,-93.722374,32568.9,0/0/2000,18:36:44,fix,0,0,0,419.3,146.15,146.15,146.15,OPC ON,BATT ON,0:41:03
0:41:05,43.950226,-93.721588,32614.83,0/0/2000,18:36:46,fix,0,0,0,419.3,146.15,146.15,146.15,OPC ON,BATT ON,0:41:08
0:41:12,43.949871,-93.719147,32778.87,0/0/2000,18:36:53,fix,0,0,0,419.3,146.15,146.15,146.15,OPC ON,BATT ON,0:41:13
0:41:18,43.94936,-93.71624,32919.95,0/0/2000,18:37:00,fix,0,0,0,419.3,146.15,146.15,146.15,OPC ON,BATT ON,0:41:19
0:41:24,43.949055,-93.714302,33005.25,0/0/2000,18:37:05,fix,0,0,0,419.3,146.15,146.15,146.15,OPC ON,BATT ON,0:41:24
0:41:26,43.948902,-93.713631,33047.9,0/0/2000,18:37:07,fix,0,0,0,419.3,146.15,146.15,146.15,OPC ON,BATT ON,0:41:30
0:41:33,43.948536,-93.710915,33175.85,0/0/2000,18:37:14,fix,0,0,0,419.3,146.15,146.15,146.15,OPC ON,BATT ON,0:41:35
0:41:40,43.948002,-93.70829,33300.52,0/0/2000,18:37:21,fix,0,0,0,419.3,146.15,146.15,146.15,OPC ON,BATT ON,0:41:41
0:41:45,43.947784,-93.706459,33392.39,0/0/2000,18:37:26,fix,0,0,0,419.3,146.15,146.15,146.15,OPC ON,BATT ON,0:41:46
0:41:52,43.947388,-93.703674,33510.5,0/0/2000,18:37:33,fix,0,0,0,419.3,146.15,146.15,146.15,OPC ON,BATT ON,0:41:52
0:41:57,43.947132,-93.701614,33605.64,0/0/2000,18:37:38,fix,0,0,0,419.3,146.15,146.15,146.15,OPC ON,BATT ON,0:41:57
0:42:01,43.946854,-93.699944,33654.86,0/0/2000,18:37:42,fix,0,0,0,419.3,146.15,146.15,146.15,OPC ON,BATT ON,0:42:02
0:42:08,43.946217,-93.697266,33786.09,0/0/2000,18:37:49,fix,0,0,0,419.3,146.15,146.15,146.15,OPC ON,BATT ON,0:42:08
0:42:13,43.945778,-93.695526,33966.54,0/0/2000,18:37:54,fix,0,0,0,419.3,146.15,146.15,146.15,OPC ON,BATT ON,0:42:13
0:42:18,43.945534,-93.693634,34071.52,0/0/2000,18:37:59,fix,0,0,0,419.3,146.15,146.15,146.15,OPC ON,BATT ON,0:42:19
0:42:22,43.945286,-93.691833,34146.98,0/0/2000,18:38:03,fix,0,0,0,419.3,146.15,146.15,146.15,OPC ON,BATT ON,0:42:24
0:42:29,43.944851,-93.688683,34219.16,0/0/2000,18:38:10,fix,0,0,0,419.3,146.15,146.15,146.15,OPC ON,BATT ON,0:42:30
0:42:34,43.944553,-93.68647,34278.21,0/0/2000,18:38:15,fix,0,0,0,419.3,146.15,146.15,146.15,OPC ON,BATT ON,0:42:35
0:42:41,43.943958,-93.683441,34386.48,0/0/2000,18:38:22,fix,0,0,0,419.3,146.15,146.15,146.15,OPC ON,BATT ON,0:42:41
0:42:46,43.943554,-93.681259,34445.54,0/0/2000,18:38:27,fix,0,0,0,419.3,146.15,146.15,146.15,OPC ON,BATT ON,0:42:46
0:42:50,43.943325,-93.67968,34478.35,0/0/2000,18:38:31,fix,0,0,0,419.3,146.15,146.15,146.15,OPC ON,BATT ON,0:42:51
0:42:55,43.942997,-93.677681,34521,0/0/2000,18:38:36,fix,0,0,0,419.3,146.15,146.15,146.15,OPC ON,BATT ON,0:42:57
0:43:02,43.942524,-93.67466,34566.93,0/0/2000,18:38:43,fix,0,0,0,419.3,146.15,146.15,146.15,OPC ON,BATT ON,0:43:02
0:43:04,43.942398,-93.673752,34583.33,0/0/2000,18:38:45,fix,0,0,0,419.3,146.15,146.15,146.15,OPC ON,BATT ON,0:43:08
0:43:11,43.941906,-93.670746,34648.95,0/0/2000,18:38:52,fix,0,0,0,419.3,146.15,146.15,146.15,OPC ON,BATT ON,0:43:13
0:43:18,43.941246,-93.667976,34734.25,0/0/2000,18:38:59,fix,0,0,0,419.3,146.15,146.15,146.15,OPC ON,BATT ON,0:43:19
0:43:23,43.9408,-93.665817,34783.46,0/0/2000,18:39:04,fix,0,0,0,419.3,146.15,146.15,146.15,OPC ON,BATT ON,0:43:24
0:43:30,43.940407,-93.662773,34852.36,0/0/2000,18:39:11,fix,0,0,0,419.3,146.15,146.15,146.15,OPC ON,BATT ON,0:43:30
0:43:35,43.940136,-93.660721,34917.98,0/0/2000,18:39:16,fix,0,0,0,419.3,146.15,146.15,146.15,OPC ON,BATT ON,0:43:35
0:43:39,43.939941,-93.658859,34970.47,0/0/2000,18:39:20,fix,0,0,0,419.3,146.15,146.15,146.15,OPC ON,BATT ON,0:43:40
0:43:46,43.939507,-93.655731,35101.71,0/0/2000,18:39:27,fix,0,0,0,419.3,146.15,146.15,146.15,OPC ON,BATT ON,0:43:46
0:43:51,43.938953,-93.653481,35160.76,0/0/2000,18:39:32,fix,0,0,0,419.3,146.15,146.15,146.15,OPC ON,BATT ON,0:43:51
0:43:53,43.938789,-93.652634,35183.73,0/0/2000,18:39:34,fix,0,0,0,419.3,146.15,146.15,146.15,OPC ON,BATT ON,0:43:57
0:44:00,43.938091,-93.649696,35219.82,0/0/2000,18:39:41,fix,0,0,0,419.3,146.15,146.15,146.15,OPC ON,BATT ON,0:44:02
0:44:03,43.937767,-93.648468,35252.63,0/0/2000,18:39:44,fix,0,0,0,419.3,146.15,146.15,146.15,OPC ON,BATT ON,0:44:08
0:44:12,43.937267,-93.644501,35351.05,0/0/2000,18:39:53,fix,0,0,0,419.3,146.15,146.15,146.15,OPC ON,BATT ON,0:44:13
0:44:19,43.936646,-93.641411,35436.35,0/0/2000,18:40:00,fix,0,0,0,419.3,146.15,146.15,146.15,OPC ON,BATT ON,0:44:19
0:44:21,43.936535,-93.64045,35456.04,0/0/2000,18:40:02,fix,0,0,0,419.3,146.15,146.15,146.15,OPC ON,BATT ON,0:44:24
0:44:28,43.936016,-93.637283,35518.37,0/0/2000,18:40:09,fix,0,0,0,419.3,146.15,146.15,146.15,OPC ON,BATT ON,0:44:29
0:44:32,43.935642,-93.635414,35590.55,0/0/2000,18:40:13,fix,0,0,0,419.3,146.15,146.15,146.15,OPC ON,BATT ON,0:44:35
0:44:39,43.935139,-93.631752,35849.74,0/0/2000,18:40:21,fix,0,0,0,419.3,146.15,146.15,146.15,OPC ON,BATT ON,0:44:41
0:44:45,43.934692,-93.629364,35895.67,0/0/2000,18:40:26,fix,0,0,0,419.3,146.15,146.15,146.15,OPC ON,BATT ON,0:44:46
0:44:50,43.934357,-93.62722,35977.69,0/0/2000,18:40:31,fix,0,0,0,419.3,146.15,146.15,146.15,OPC ON,BATT ON,0:44:52
0:44:57,43.933971,-93.624123,36125.33,0/0/2000,18:40:38,fix,0,0,0,419.3,146.15,146.15,146.15,OPC ON,BATT ON,0:44:57
0:44:59,43.933895,-93.623169,36151.57,0/0/2000,18:40:40,fix,0,0,0,419.3,146.15,146.15,146.15,OPC ON,BATT ON,0:45:02
0:45:06,43.933594,-93.620201,36282.81,0/0/2000,18:40:47,fix,0,0,0,419.3,146.15,146.15,146.15,OPC ON,BATT ON,0:45:08
0:45:11,43.933304,-93.617989,36358.27,0/0/2000,18:40:52,fix,0,0,0,419.3,146.15,146.15,146.15,OPC ON,BATT ON,0:45:13
0:45:18,43.932842,-93.614731,36456.69,0/0/2000,18:40:59,fix,0,0,0,419.3,146.15,146.15,146.15,OPC ON,BATT ON,0:45:19
0:45:20,43.932636,-93.613815,36476.38,0/0/2000,18:41:01,fix,0,0,0,419.3,146.15,146.15,146.15,OPC ON,BATT ON,0:45:24
0:45:30,43.931534,-93.60923,36650.26,0/0/2000,18:41:11,fix,0,0,0,419.3,146.15,146.15,146.15,OPC ON,BATT ON,0:45:30
0:45:34,43.931168,-93.607437,36725.72,0/0/2000,18:41:15,fix,0,0,0,419.3,146.15,146.15,146.15,OPC ON,BATT ON,0:45:35
0:45:41,43.930614,-93.604469,36889.77,0/0/2000,18:41:22,fix,0,0,0,419.3,146.15,146.15,146.15,OPC ON,BATT ON,0:45:41
0:45:46,43.930359,-93.602264,36948.82,0/0/2000,18:41:27,fix,0,0,0,419.3,146.15,146.15,146.15,OPC ON,BATT ON,0:45:46
0:45:48,43.930195,-93.601318,36971.79,0/0/2000,18:41:29,fix,0,0,0,419.3,146.15,146.15,146.15,OPC ON,BATT ON,0:45:51
0:45:55,43.929592,-93.598007,37043.96,0/0/2000,18:41:36,fix,0,0,0,419.3,146.15,146.15,146.15,OPC ON,BATT ON,0:45:57
0:45:55,43.929592,-93.598007,37043.96,0/0/2000,18:41:36,fix,0,0,0,419.3,146.15,146.15,146.15,OPC ON,BATT ON,0:46:02
0:46:07,43.928577,-93.592529,37217.85,0/0/2000,18:41:48,fix,0,0,0,419.3,146.15,146.15,146.15,OPC ON,BATT ON,0:46:08
0:46:09,43.92844,-93.591736,37257.22,0/0/2000,18:41:50,fix,0,0,0,419.3,146.15,146.15,146.15,OPC ON,BATT ON,0:46:13
0:46:16,43.927925,-93.588821,37362.2,0/0/2000,18:41:57,fix,0,0,0,419.3,146.15,146.15,146.15,OPC ON,BATT ON,0:46:19
0:46:23,43.927383,-93.58593,37486.88,0/0/2000,18:42:04,fix,0,0,0,419.3,146.15,146.15,146.15,OPC ON,BATT ON,0:46:24
0:46:30,43.926872,-93.582436,37627.95,0/0/2000,18:42:11,fix,0,0,0,419.3,146.15,146.15,146.15,OPC ON,BATT ON,0:46:30
0:46:35,43.926422,-93.580055,37709.98,0/0/2000,18:42:16,fix,0,0,0,419.3,146.15,146.15,146.15,OPC ON,BATT ON,0:46:35
0:46:37,43.926247,-93.579163,37755.91,0/0/2000,18:42:18,fix,0,0,0,419.3,146.15,146.15,146.15,OPC ON,BATT ON,0:46:40
0:46:44,43.925789,-93.576111,37893.7,0/0/2000,18:42:25,fix,0,0,0,419.3,146.15,146.15,146.15,OPC ON,BATT ON,0:46:46
0:46:51,43.925327,-93.573029,38054.46,0/0/2000,18:42:32,fix,0,0,0,419.3,146.15,146.15,146.15,OPC ON,BATT ON,0:46:51
0:46:53,43.925236,-93.57209,38083.99,0/0/2000,18:42:34,fix,0,0,0,419.3,146.15,146.15,146.15,OPC ON,BATT ON,0:46:57
0:46:58,43.924988,-93.569519,38195.54,0/0/2000,18:42:39,fix,0,0,0,419.3,146.15,146.15,146.15,OPC ON,BATT ON,0:47:02
0:47:05,43.924732,-93.566399,38362.86,0/0/2000,18:42:46,fix,0,0,0,419.3,146.15,146.15,146.15,OPC ON,BATT ON,0:47:08
0:47:12,43.924522,-93.563057,38510.5,0/0/2000,18:42:53,fix,0,0,0,419.3,146.15,146.15,146.15,OPC ON,BATT ON,0:47:13
0:47:17,43.924362,-93.560524,38622.05,0/0/2000,18:42:58,fix,0,0,0,419.3,146.15,146.15,146.15,OPC ON,BATT ON,0:47:19
0:47:24,43.923965,-93.557259,38730.32,0/0/2000,18:43:05,fix,0,0,0,419.3,146.15,146.15,146.15,OPC ON,BATT ON,0:47:24
0:47:26,43.923882,-93.556335,38789.37,0/0/2000,18:43:07,fix,0,0,0,419.3,146.15,146.15,146.15,OPC ON,BATT ON,0:47:30
0:47:33,43.923496,-93.552811,38937.01,0/0/2000,18:43:14,fix,0,0,0,419.3,146.15,146.15,146.15,OPC ON,BATT ON,0:47:35
0:47:40,43.923092,-93.549568,39061.68,0/0/2000,18:43:21,fix,0,0,0,419.3,146.15,146.15,146.15,OPC ON,BATT ON,0:47:40
0:47:45,43.922733,-93.547302,39163.39,0/0/2000,18:43:26,fix,0,0,0,419.3,146.15,146.15,146.15,OPC ON,BATT ON,0:47:46
0:47:47,43.922607,-93.546356,39199.48,0/0/2000,18:43:28,fix,0,0,0,419.3,146.15,146.15,146.15,OPC ON,BATT ON,0:47:51
0:47:57,43.922092,-93.541611,39386.48,0/0/2000,18:43:38,fix,0,0,0,419.3,146.15,146.15,146.15,OPC ON,BATT ON,0:47:57
0:48:01,43.921959,-93.539894,39438.98,0/0/2000,18:43:42,fix,0,0,0,419.3,146.15,146.15,146.15,OPC ON,BATT ON,0:48:02
0:48:08,43.921791,-93.536674,39527.56,0/0/2000,18:43:49,fix,0,0,0,419.3,146.15,146.15,146.15,OPC ON,BATT ON,0:48:08
0:48:13,43.921593,-93.534378,39583.33,0/0/2000,18:43:54,fix,0,0,0,419.3,146.15,146.15,146.15,OPC ON,BATT ON,0:48:13
0:48:18,43.921349,-93.532173,39632.55,0/0/2000,18:43:59,fix,0,0,0,419.3,146.15,146.15,146.15,OPC ON,BATT ON,0:48:19
0:48:22,43.921349,-93.530418,39724.41,0/0/2000,18:44:03,fix,0,0,0,419.3,146.15,146.15,146.15,OPC ON,BATT ON,0:48:24
0:48:29,43.921387,-93.527351,39875.33,0/0/2000,18:44:10,fix,0,0,0,419.3,146.15,146.15,146.15,OPC ON,BATT ON,0:48:29
0:48:34,43.921326,-93.525215,39973.75,0/0/2000,18:44:15,fix,0,0,0,419.3,146.15,146.15,146.15,OPC ON,BATT ON,0:48:35
0:48:38,43.92131,-93.523384,40022.96,0/0/2000,18:44:19,fix,0,0,0,419.3,146.15,146.15,146.15,OPC ON,BATT ON,0:48:40
0:48:44,43.921139,-93.520248,40032.81,0/0/2000,18:44:25,fix,0,0,0,419.3,146.15,146.15,146.15,OPC ON,BATT ON,0:48:46
0:48:50,43.921188,-93.517593,40173.89,0/0/2000,18:44:31,fix,0,0,0,419.3,146.15,146.15,146.15,OPC ON,BATT ON,0:48:51
0:48:57,43.92128,-93.514313,40410.11,0/0/2000,18:44:38,fix,0,0,0,419.3,146.15,146.15,146.15,OPC ON,BATT ON,0:48:57
0:48:59,43.921268,-93.513443,40442.91,0/0/2000,18:44:40,fix,0,0,0,419.3,146.15,146.15,146.15,OPC ON,BATT ON,0:49:02
0:49:04,43.921345,-93.511101,40544.62,0/0/2000,18:44:45,fix,0,0,0,419.3,146.15,146.15,146.15,OPC ON,BATT ON,0:49:08
0:49:11,43.921314,-93.507668,40643.05,0/0/2000,18:44:52,fix,0,0,0,419.3,146.15,146.15,146.15,OPC ON,BATT ON,0:49:13
0:49:18,43.921028,-93.504089,40757.88,0/0/2000,18:44:59,fix,0,0,0,419.3,146.15,146.15,146.15,OPC ON,BATT ON,0:49:18
0:49:23,43.920879,-93.501534,40862.86,0/0/2000,18:45:04,fix,0,0,0,419.3,146.15,146.15,146.15,OPC ON,BATT ON,0:49:24
0:49:27,43.920727,-93.499397,40928.48,0/0/2000,18:45:08,fix,0,0,0,419.3,146.15,146.15,146.15,OPC ON,BATT ON,0:49:29
0:49:32,43.92065,-93.496872,41020.34,0/0/2000,18:45:13,fix,0,0,0,419.3,146.15,146.15,146.15,OPC ON,BATT ON,0:49:35
0:49:39,43.920559,-93.493652,41158.14,0/0/2000,18:45:20,fix,0,0,0,419.3,146.15,146.15,146.15,OPC ON,BATT ON,0:49:40
0:49:46,43.920544,-93.490166,41243.44,0/0/2000,18:45:27,fix,0,0,0,419.3,146.15,146.15,146.15,OPC ON,BATT ON,0:49:46
0:49:51,43.920269,-93.487617,41358.27,0/0/2000,18:45:32,fix,0,0,0,419.3,146.15,146.15,146.15,OPC ON,BATT ON,0:49:51
0:49:53,43.92025,-93.486458,41397.64,0/0/2000,18:45:34,fix,0,0,0,419.3,146.15,146.15,146.15,OPC ON,BATT ON,0:49:57
0:50:02,43.920048,-93.481514,41545.27,0/0/2000,18:45:43,fix,0,0,0,419.3,146.15,146.15,146.15,OPC ON,BATT ON,0:50:02
0:50:07,43.9198,-93.478706,41624.02,0/0/2000,18:45:48,fix,0,0,0,419.3,146.15,146.15,146.15,OPC ON,BATT ON,0:50:07
0:50:12,43.919487,-93.476044,41715.88,0/0/2000,18:45:53,fix,0,0,0,419.3,146.15,146.15,146.15,OPC ON,BATT ON,0:50:13
0:50:14,43.919498,-93.474899,41751.97,0/0/2000,18:45:55,fix,0,0,0,419.3,146.15,146.15,146.15,OPC ON,BATT ON,0:50:18
0:50:23,43.918892,-93.470169,41893.05,0/0/2000,18:46:04,fix,0,0,0,419.3,146.15,146.15,146.15,OPC ON,BATT ON,0:50:24
0:50:28,43.918709,-93.467491,41958.66,0/0/2000,18:46:09,fix,0,0,0,419.3,146.15,146.15,146.15,OPC ON,BATT ON,0:50:29
0:50:35,43.918266,-93.463661,42057.09,0/0/2000,18:46:16,fix,0,0,0,419.3,146.15,146.15,146.15,OPC ON,BATT ON,0:50:35
0:50:40,43.91774,-93.460899,42122.7,0/0/2000,18:46:21,fix,0,0,0,419.3,146.15,146.15,146.15,OPC ON,BATT ON,0:50:40
0:50:44,43.917458,-93.458961,42178.48,0/0/2000,18:46:25,fix,0,0,0,419.3,146.15,146.15,146.15,OPC ON,BATT ON,0:50:46
0:50:51,43.916866,-93.455406,42270.34,0/0/2000,18:46:32,fix,0,0,0,419.3,146.15,146.15,146.15,OPC ON,BATT ON,0:50:51
0:50:56,43.916389,-93.452972,42345.8,0/0/2000,18:46:37,fix,0,0,0,419.3,146.15,146.15,146.15,OPC ON,BATT ON,0:50:57
0:51:01,43.915787,-93.450485,42434.39,0/0/2000,18:46:42,fix,0,0,0,419.3,146.15,146.15,146.15,OPC ON,BATT ON,0:51:02
0:51:05,43.915668,-93.448692,42513.13,0/0/2000,18:46:46,fix,0,0,0,419.3,146.15,146.15,146.15,OPC ON,BATT ON,0:51:07
0:51:12,43.915039,-93.445663,42664.04,0/0/2000,18:46:53,fix,0,0,0,419.3,146.15,146.15,146.15,OPC ON,BATT ON,0:51:13
0:51:17,43.914646,-93.443542,42736.22,0/0/2000,18:46:58,fix,0,0,0,419.3,146.15,146.15,146.15,OPC ON,BATT ON,0:51:18
0:51:24,43.913918,-93.440216,42831.36,0/0/2000,18:47:05,fix,0,0,0,419.3,146.15,146.15,146.15,OPC ON,BATT ON,0:51:24
0:51:29,43.913372,-93.437828,42887.14,0/0/2000,18:47:10,fix,0,0,0,419.3,146.15,146.15,146.15,OPC ON,BATT ON,0:51:29
0:51:33,43.913063,-93.435852,42942.91,0/0/2000,18:47:14,fix,0,0,0,419.3,146.15,146.15,146.15,OPC ON,BATT ON,0:51:35
0:51:38,43.912613,-93.433662,43057.75,0/0/2000,18:47:19,fix,0,0,0,419.3,146.15,146.15,146.15,OPC ON,BATT ON,0:51:40
0:51:45,43.912067,-93.43074,43225.07,0/0/2000,18:47:26,fix,0,0,0,419.3,146.15,146.15,146.15,OPC ON,BATT ON,0:51:46
0:51:47,43.911964,-93.42981,43267.71,0/0/2000,18:47:28,fix,0,0,0,419.3,146.15,146.15,146.15,OPC ON,BATT ON,0:51:51
0:51:54,43.911678,-93.426468,43356.3,0/0/2000,18:47:35,fix,0,0,0,419.3,146.15,146.15,146.15,OPC ON,BATT ON,0:51:56
0:51:59,43.911354,-93.424149,43425.2,0/0/2000,18:47:40,fix,0,0,0,419.3,146.15,146.15,146.15,OPC ON,BATT ON,0:52:02
0:52:06,43.910805,-93.420883,43490.82,0/0/2000,18:47:47,fix,0,0,0,419.3,146.15,146.15,146.15,OPC ON,BATT ON,0:52:07
0:52:13,43.910332,-93.417679,43576.11,0/0/2000,18:47:54,fix,0,0,0,419.3,146.15,146.15,146.15,OPC ON,BATT ON,0:52:13
0:52:18,43.910019,-93.415512,43638.45,0/0/2000,18:47:59,fix,0,0,0,419.3,146.15,146.15,146.15,OPC ON,BATT ON,0:52:18
0:52:22,43.909748,-93.413689,43687.66,0/0/2000,18:48:03,fix,0,0,0,419.3,146.15,146.15,146.15,OPC ON,BATT ON,0:52:24
0:52:29,43.909111,-93.410866,43812.34,0/0/2000,18:48:10,fix,0,0,0,419.3,146.15,146.15,146.15,OPC ON,BATT ON,0:52:29
0:52:34,43.908661,-93.408913,43881.23,0/0/2000,18:48:15,fix,0,0,0,419.3,146.15,146.15,146.15,OPC ON,BATT ON,0:52:35
0:52:38,43.908787,-93.407738,43973.09,0/0/2000,18:48:19,fix,0,0,0,419.3,146.15,146.15,146.15,OPC ON,BATT ON,0:52:40
0:52:43,43.908409,-93.40564,44074.8,0/0/2000,18:48:24,fix,0,0,0,419.3,146.15,146.15,146.15,OPC ON,BATT ON,0:52:45
0:52:50,43.907829,-93.402924,44251.97,0/0/2000,18:48:31,fix,0,0,0,419.3,146.15,146.15,146.15,OPC ON,BATT ON,0:52:51
0:52:55,43.907532,-93.401344,44324.14,0/0/2000,18:48:36,fix,0,0,0,419.3,146.15,146.15,146.15,OPC ON,BATT ON,0:52:56
0:53:02,43.906952,-93.398849,44435.7,0/0/2000,18:48:43,fix,0,0,0,419.3,146.15,146.15,146.15,OPC ON,BATT ON,0:53:02
0:53:07,43.906731,-93.39711,44514.43,0/0/2000,18:48:48,fix,0,0,0,419.3,146.15,146.15,146.15,OPC ON,BATT ON,0:53:07
0:53:11,43.906601,-93.395844,44547.25,0/0/2000,18:48:52,fix,0,0,0,419.3,146.15,146.15,146.15,OPC ON,BATT ON,0:53:13
0:53:18,43.905781,-93.393143,44701.45,0/0/2000,18:48:59,fix,0,0,0,419.3,146.15,146.15,146.15,OPC ON,BATT ON,0:53:18
0:53:23,43.905411,-93.39151,44773.62,0/0/2000,18:49:04,fix,0,0,0,419.3,146.15,146.15,146.15,OPC ON,BATT ON,0:53:24
0:53:25,43.905407,-93.390854,44793.3,0/0/2000,18:49:06,fix,0,0,0,419.3,146.15,146.15,146.15,OPC ON,BATT ON,0:53:29
0:53:32,43.904716,-93.388489,44901.57,0/0/2000,18:49:13,fix,0,0,0,419.3,146.15,146.15,146.15,OPC ON,BATT ON,0:53:34
0:53:39,43.904243,-93.386055,45000,0/0/2000,18:49:20,fix,0,0,0,419.3,146.15,146.15,146.15,OPC ON,BATT ON,0:53:40
0:53:41,43.904182,-93.385368,45026.25,0/0/2000,18:49:22,fix,0,0,0,419.3,146.15,146.15,146.15,OPC ON,BATT ON,0:53:45
0:53:51,43.903397,-93.381897,45131.23,0/0/2000,18:49:32,fix,0,0,0,419.3,146.15,146.15,146.15,OPC ON,BATT ON,0:53:51
0:53:53,43.903244,-93.38118,45154.2,0/0/2000,18:49:34,fix,0,0,0,419.3,146.15,146.15,146.15,OPC ON,BATT ON,0:53:56
0:54:00,43.902641,-93.378906,45259.18,0/0/2000,18:49:41,fix,0,0,0,419.3,146.15,146.15,146.15,OPC ON,BATT ON,0:54:02
0:54:07,43.902115,-93.376678,45354.33,0/0/2000,18:49:48,fix,0,0,0,419.3,146.15,146.15,146.15,OPC ON,BATT ON,0:54:07
0:54:12,43.901958,-93.375145,45433.07,0/0/2000,18:49:53,fix,0,0,0,419.3,146.15,146.15,146.15,OPC ON,BATT ON,0:54:13
0:54:14,43.901966,-93.374649,45495.41,0/0/2000,18:49:55,fix,0,0,0,419.3,146.15,146.15,146.15,OPC ON,BATT ON,0:54:18
0:54:21,43.901638,-93.37252,45616.8,0/0/2000,18:50:02,fix,0,0,0,419.3,146.15,146.15,146.15,OPC ON,BATT ON,0:54:23
0:54:28,43.901096,-93.370384,45777.56,0/0/2000,18:50:09,fix,0,0,0,419.3,146.15,146.15,146.15,OPC ON,BATT ON,0:54:29
0:54:30,43.901085,-93.369736,45836.61,0/0/2000,18:50:11,fix,0,0,0,419.3,146.15,146.15,146.15,OPC ON,BATT ON,0:54:34
0:54:40,43.900185,-93.366913,46066.27,0/0/2000,18:50:21,fix,0,0,0,419.3,146.15,146.15,146.15,OPC ON,BATT ON,0:54:40
0:54:42,43.899963,-93.366463,46105.64,0/0/2000,18:50:23,fix,0,0,0,419.3,146.15,146.15,146.15,OPC ON,BATT ON,0:54:45
0:54:49,43.899906,-93.364479,46181.11,0/0/2000,18:50:30,fix,0,0,0,419.3,146.15,146.15,146.15,OPC ON,BATT ON,0:54:51
0:54:56,43.899151,-93.362358,46305.77,0/0/2000,18:50:37,fix,0,0,0,419.3,146.15,146.15,146.15,OPC ON,BATT ON,0:54:56
0:55:01,43.898674,-93.360794,46335.3,0/0/2000,18:50:42,fix,0,0,0,419.3,146.15,146.15,146.15,OPC ON,BATT ON,0:55:02
0:55:03,43.898457,-93.360207,46361.55,0/0/2000,18:50:44,fix,0,0,0,419.3,146.15,146.15,146.15,OPC ON,BATT ON,0:55:07
0:55:10,43.898064,-93.35836,46417.32,0/0/2000,18:50:51,fix,0,0,0,419.3,146.15,146.15,146.15,OPC ON,BATT ON,0:55:12
0:55:17,43.897648,-93.356316,46440.29,0/0/2000,18:50:58,fix,0,0,0,419.3,146.15,146.15,146.15,OPC ON,BATT ON,0:55:18
0:55:19,43.89756,-93.355667,46466.54,0/0/2000,18:51:00,fix,0,0,0,419.3,146.15,146.15,146.15,OPC ON,BATT ON,0:55:23
0:55:29,43.896534,-93.35276,46597.77,0/0/2000,18:51:10,fix,0,0,0,419.3,146.15,146.15,146.15,OPC ON,BATT ON,0:55:29
0:55:33,43.896294,-93.351784,46683.07,0/0/2000,18:51:14,fix,0,0,0,419.3,146.15,146.15,146.15,OPC ON,BATT ON,0:55:34
0:55:38,43.895828,-93.350708,46781.5,0/0/2000,18:51:19,fix,0,0,0,419.3,146.15,146.15,146.15,OPC ON,BATT ON,0:55:40
0:55:45,43.895103,-93.349052,46994.75,0/0/2000,18:51:26,fix,0,0,0,419.3,146.15,146.15,146.15,OPC ON,BATT ON,0:55:45
0:55:50,43.894646,-93.348106,47139.11,0/0/2000,18:51:31,fix,0,0,0,419.3,146.15,146.15,146.15,OPC ON,BATT ON,0:55:51
0:55:54,43.894417,-93.347366,47221.13,0/0/2000,18:51:35,fix,0,0,0,419.3,146.15,146.15,146.15,OPC ON,BATT ON,0:55:56
0:55:59,43.894115,-93.346176,47309.71,0/0/2000,18:51:40,fix,0,0,0,419.3,146.15,146.15,146.15,OPC ON,BATT ON,0:56:02
0:56:06,43.893768,-93.344604,47427.82,0/0/2000,18:51:47,fix,0,0,0,419.3,146.15,146.15,146.15,OPC ON,BATT ON,0:56:07
0:56:08,43.893707,-93.34433,47460.63,0/0/2000,18:51:49,fix,0,0,0,419.3,146.15,146.15,146.15,OPC ON,BATT ON,0:56:12
0:56:18,43.89325,-93.342438,47582.02,0/0/2000,18:51:59,fix,0,0,0,419.3,146.15,146.15,146.15,OPC ON,BATT ON,0:56:18
0:56:18,43.89325,-93.342438,47582.02,0/0/2000,18:51:59,fix,0,0,0,419.3,146.15,146.15,146.15,OPC ON,BATT ON,0:56:23
0:56:27,43.892418,-93.340408,47647.64,0/0/2000,18:52:08,fix,0,0,0,419.3,146.15,146.15,146.15,OPC ON,BATT ON,0:56:29
0:56:34,43.89238,-93.339355,47683.73,0/0/2000,18:52:15,fix,0,0,0,419.3,146.15,146.15,146.15,OPC ON,BATT ON,0:56:34
0:56:39,43.892311,-93.338341,47729.66,0/0/2000,18:52:20,fix,0,0,0,419.3,146.15,146.15,146.15,OPC ON,BATT ON,0:56:40
0:56:43,43.891788,-93.337555,47693.57,0/0/2000,18:52:24,fix,0,0,0,419.3,146.15,146.15,146.15,OPC ON,BATT ON,0:56:45
0:56:50,43.891518,-93.336601,47788.71,0/0/2000,18:52:31,fix,0,0,0,419.3,146.15,146.15,146.15,OPC ON,BATT ON,0:56:51
0:56:55,43.891537,-93.335587,47910.11,0/0/2000,18:52:36,fix,0,0,0,419.3,146.15,146.15,146.15,OPC ON,BATT ON,0:56:56
0:56:57,43.891392,-93.335304,47975.72,0/0/2000,18:52:38,fix,0,0,0,419.3,146.15,146.15,146.15,OPC ON,BATT ON,0:57:01
0:57:07,43.890697,-93.333267,48244.75,0/0/2000,18:52:48,fix,0,0,0,419.3,146.15,146.15,146.15,OPC ON,BATT ON,0:57:07
0:57:11,43.890724,-93.332756,48339.89,0/0/2000,18:52:52,fix,0,0,0,419.3,146.15,146.15,146.15,OPC ON,BATT ON,0:57:12
0:57:16,43.891426,-93.332535,48428.48,0/0/2000,18:52:57,fix,0,0,0,419.3,146.15,146.15,146.15,OPC ON,BATT ON,0:57:18
0:57:23,43.890789,-93.331375,48562.99,0/0/2000,18:53:04,fix,0,0,0,419.3,146.15,146.15,146.15,OPC ON,BATT ON,0:57:23
0:57:28,43.89069,-93.330345,48661.42,0/0/2000,18:53:09,fix,0,0,0,419.3,146.15,146.15,146.15,OPC ON,BATT ON,0:57:29
0:57:32,43.89064,-93.329597,48736.88,0/0/2000,18:53:13,fix,0,0,0,419.3,146.15,146.15,146.15,OPC ON,BATT ON,0:57:34
0:57:37,43.890759,-93.32872,48815.61,0/0/2000,18:53:18,fix,0,0,0,419.3,146.15,146.15,146.15,OPC ON,BATT ON,0:57:40
0:57:44,43.890617,-93.327446,48920.61,0/0/2000,18:53:25,fix,0,0,0,419.3,146.15,146.15,146.15,OPC ON,BATT ON,0:57:45
0:57:46,43.890545,-93.327057,48959.98,0/0/2000,18:53:27,fix,0,0,0,419.3,146.15,146.15,146.15,OPC ON,BATT ON,0:57:50
0:57:56,43.89045,-93.325142,49137.14,0/0/2000,18:53:37,fix,0,0,0,419.3,146.15,146.15,146.15,OPC ON,BATT ON,0:57:56
0:58:00,43.890423,-93.324509,49212.6,0/0/2000,18:53:41,fix,0,0,0,419.3,146.15,146.15,146.15,OPC ON,BATT ON,0:58:01
0:58:05,43.890545,-93.323669,49288.06,0/0/2000,18:53:46,fix,0,0,0,419.3,146.15,146.15,146.15,OPC ON,BATT ON,0:58:07
0:58:12,43.89064,-93.322357,49409.45,0/0/2000,18:53:53,fix,0,0,0,419.3,146.15,146.15,146.15,OPC ON,BATT ON,0:58:12
0:58:14,43.890591,-93.321945,49435.7,0/0/2000,18:53:55,fix,0,0,0,419.3,146.15,146.15,146.15,OPC ON,BATT ON,0:58:18
0:58:21,43.890705,-93.320618,49537.4,0/0/2000,18:54:02,fix,0,0,0,419.3,146.15,146.15,146.15,OPC ON,BATT ON,0:58:23
0:58:26,43.890846,-93.319824,49612.86,0/0/2000,18:54:07,fix,0,0,0,419.3,146.15,146.15,146.15,OPC ON,BATT ON,0:58:29
0:58:33,43.891079,-93.318611,49727.69,0/0/2000,18:54:14,fix,0,0,0,419.3,146.15,146.15,146.15,OPC ON,BATT ON,0:58:34
0:58:38,43.891182,-93.31749,49763.78,0/0/2000,18:54:19,fix,0,0,0,419.3,146.15,146.15,146.15,OPC ON,BATT ON,0:58:39
0:58:45,43.891174,-93.316177,49819.55,0/0/2000,18:54:26,fix,0,0,0,419.3,146.15,146.15,146.15,OPC ON,BATT ON,0:58:45
0:58:47,43.891251,-93.315895,49845.8,0/0/2000,18:54:28,fix,0,0,0,419.3,146.15,146.15,146.15,OPC ON,BATT ON,0:58:50
0:58:54,43.891235,-93.314423,49986.88,0/0/2000,18:54:35,fix,0,0,0,419.3,146.15,146.15,146.15,OPC ON,BATT ON,0:58:56
0:59:01,43.891346,-93.313103,50078.74,0/0/2000,18:54:42,fix,0,0,0,419.3,146.15,146.15,146.15,OPC ON,BATT ON,0:59:01
0:59:06,43.891346,-93.312141,50164.04,0/0/2000,18:54:47,fix,0,0,0,419.3,146.15,146.15,146.15,OPC ON,BATT ON,0:59:07
0:59:10,43.891216,-93.311302,50223.09,0/0/2000,18:54:51,fix,0,0,0,419.3,146.15,146.15,146.15,OPC ON,BATT ON,0:59:12
0:59:15,43.891106,-93.310387,50308.4,0/0/2000,18:54:56,fix,0,0,0,419.3,146.15,146.15,146.15,OPC ON,BATT ON,0:59:18
0:59:22,43.89106,-93.308983,50413.39,0/0/2000,18:55:03,fix,0,0,0,419.3,146.15,146.15,146.15,OPC ON,BATT ON,0:59:23
0:59:27,43.891064,-93.30793,50518.38,0/0/2000,18:55:08,fix,0,0,0,419.3,146.15,146.15,146.15,OPC ON,BATT ON,0:59:28
0:59:34,43.891056,-93.306999,50721.79,0/0/2000,18:55:15,fix,0,0,0,419.3,146.15,146.15,146.15,OPC ON,BATT ON,0:59:34
0:59:38,43.891182,-93.306412,50849.74,0/0/2000,18:55:19,fix,0,0,0,419.3,146.15,146.15,146.15,OPC ON,BATT ON,0:59:39
0:59:43,43.891304,-93.305489,50938.32,0/0/2000,18:55:24,fix,0,0,0,419.3,146.15,146.15,146.15,OPC ON,BATT ON,0:59:45
0:59:50,43.891376,-93.304283,51099.08,0/0/2000,18:55:31,fix,0,0,0,419.3,146.15,146.15,146.15,OPC ON,BATT ON,0:59:50
0:59:55,43.891556,-93.303596,51125.33,0/0/2000,18:55:36,fix,0,0,0,419.3,146.15,146.15,146.15,OPC ON,BATT ON,0:59:56
0:59:59,43.891483,-93.303032,51210.63,0/0/2000,18:55:40,fix,0,0,0,419.3,146.15,146.15,146.15,OPC ON,BATT ON,1:00:01
1:00:04,43.891457,-93.302193,51299.21,0/0/2000,18:55:45,fix,0,0,0,419.3,146.15,146.15,146.15,OPC ON,BATT ON,1:00:07
1:00:11,43.891518,-93.301102,51453.41,0/0/2000,18:55:52,fix,0,0,0,419.3,146.15,146.15,146.15,OPC ON,BATT ON,1:00:12
1:00:13,43.891529,-93.300865,51496.07,0/0/2000,18:55:54,fix,0,0,0,419.3,146.15,146.15,146.15,OPC ON,BATT ON,1:00:18
1:00:23,43.891556,-93.299759,51630.58,0/0/2000,18:56:04,fix,0,0,0,419.3,146.15,146.15,146.15,OPC ON,BATT ON,1:00:23
1:00:27,43.891541,-93.29921,51669.95,0/0/2000,18:56:08,fix,0,0,0,419.3,146.15,146.15,146.15,OPC ON,BATT ON,1:00:28
1:00:32,43.891682,-93.298653,51751.97,0/0/2000,18:56:13,fix,0,0,0,419.3,146.15,146.15,146.15,OPC ON,BATT ON,1:00:34
1:00:39,43.891705,-93.297913,51856.95,0/0/2000,18:56:20,fix,0,0,0,419.3,146.15,146.15,146.15,OPC ON,BATT ON,1:00:39
1:00:44,43.891872,-93.297089,51961.95,0/0/2000,18:56:25,fix,0,0,0,419.3,146.15,146.15,146.15,OPC ON,BATT ON,1:00:45
1:00:48,43.892185,-93.29644,52047.25,0/0/2000,18:56:29,fix,0,0,0,419.3,146.15,146.15,146.15,OPC ON,BATT ON,1:00:50
1:00:55,43.89254,-93.29528,52129.27,0/0/2000,18:56:36,fix,0,0,0,419.3,146.15,146.15,146.15,OPC ON,BATT ON,1:00:56
1:01:00,43.892887,-93.294365,52240.82,0/0/2000,18:56:41,fix,0,0,0,419.3,146.15,146.15,146.15,OPC ON,BATT ON,1:01:01
1:01:02,43.893036,-93.29393,52286.75,0/0/2000,18:56:43,fix,0,0,0,419.3,146.15,146.15,146.15,OPC ON,BATT ON,1:01:07
1:01:09,43.893257,-93.292572,52352.36,0/0/2000,18:56:50,fix,0,0,0,419.3,146.15,146.15,146.15,OPC ON,BATT ON,1:01:12
1:01:16,43.8936,-93.291389,52434.39,0/0/2000,18:56:57,fix,0,0,0,419.3,146.15,146.15,146.15,OPC ON,BATT ON,1:01:17
1:01:21,43.893726,-93.290359,52493.44,0/0/2000,18:57:02,fix,0,0,0,419.3,146.15,146.15,146.15,OPC ON,BATT ON,1:01:23
1:01:28,43.894119,-93.28891,52591.86,0/0/2000,18:57:09,fix,0,0,0,419.3,146.15,146.15,146.15,OPC ON,BATT ON,1:01:28
1:01:33,43.894241,-93.287857,52670.61,0/0/2000,18:57:14,fix,0,0,0,419.3,146.15,146.15,146.15,OPC ON,BATT ON,1:01:34
1:01:38,43.894508,-93.286758,52726.38,0/0/2000,18:57:19,fix,0,0,0,419.3,146.15,146.15,146.15,OPC ON,BATT ON,1:01:39
1:01:42,43.894741,-93.286041,52778.87,0/0/2000,18:57:23,fix,0,0,0,419.3,146.15,146.15,146.15,OPC ON,BATT ON,1:01:45
1:01:49,43.895012,-93.28447,52857.61,0/0/2000,18:57:30,fix,0,0,0,419.3,146.15,146.15,146.15,OPC ON,BATT ON,1:01:50
1:01:54,43.895073,-93.283485,52906.82,0/0/2000,18:57:35,fix,0,0,0,419.3,146.15,146.15,146.15,OPC ON,BATT ON,1:01:56
1:02:01,43.895374,-93.282227,53001.97,0/0/2000,18:57:42,fix,0,0,0,419.3,146.15,146.15,146.15,OPC ON,BATT ON,1:02:01
1:02:05,43.89555,-93.281288,53067.59,0/0/2000,18:57:46,fix,0,0,0,419.3,146.15,146.15,146.15,OPC ON,BATT ON,1:02:06
1:02:10,43.895672,-93.280151,53136.48,0/0/2000,18:57:51,fix,0,0,0,419.3,146.15,146.15,146.15,OPC ON,BATT ON,1:02:12
1:02:17,43.895779,-93.278488,53244.75,0/0/2000,18:57:58,fix,0,0,0,419.3,146.15,146.15,146.15,OPC ON,BATT ON,1:02:17
1:02:22,43.89576,-93.277046,53333.34,0/0/2000,18:58:03,fix,0,0,0,419.3,146.15,146.15,146.15,OPC ON,BATT ON,1:02:23
1:02:26,43.895729,-93.276131,53398.95,0/0/2000,18:58:07,fix,0,0,0,419.3,146.15,146.15,146.15,OPC ON,BATT ON,1:02:28
1:02:33,43.895905,-93.274567,53520.34,0/0/2000,18:58:14,fix,0,0,0,419.3,146.15,146.15,146.15,OPC ON,BATT ON,1:02:34
1:02:38,43.895645,-93.27314,53608.93,0/0/2000,18:58:19,fix,0,0,0,419.3,146.15,146.15,146.15,OPC ON,BATT ON,1:02:39
1:02:40,43.895607,-93.272591,53635.17,0/0/2000,18:58:21,fix,0,0,0,419.3,146.15,146.15,146.15,OPC ON,BATT ON,1:02:45
1:02:50,43.895683,-93.270096,53769.68,0/0/2000,18:58:31,fix,0,0,0,419.3,146.15,146.15,146.15,OPC ON,BATT ON,1:02:50
1:02:54,43.895603,-93.269196,53835.3,0/0/2000,18:58:35,fix,0,0,0,419.3,146.15,146.15,146.15,OPC ON,BATT ON,1:02:55
1:02:59,43.895447,-93.267944,53904.2,0/0/2000,18:58:40,fix,0,0,0,419.3,146.15,146.15,146.15,OPC ON,BATT ON,1:03:01
1:03:06,43.894978,-93.266045,54032.16,0/0/2000,18:58:47,fix,0,0,0,419.3,146.15,146.15,146.15,OPC ON,BATT ON,1:03:06
1:03:11,43.894867,-93.264793,54081.36,0/0/2000,18:58:52,fix,0,0,0,419.3,146.15,146.15,146.15,OPC ON,BATT ON,1:03:12
1:03:15,43.894665,-93.26371,54176.51,0/0/2000,18:58:56,fix,0,0,0,419.3,146.15,146.15,146.15,OPC ON,BATT ON,1:03:17
1:03:22,43.894455,-93.262024,54291.34,0/0/2000,18:59:03,fix,0,0,0,419.3,146.15,146.15,146.15,OPC ON,BATT ON,1:03:23
1:03:27,43.89439,-93.260818,54402.89,0/0/2000,18:59:08,fix,0,0,0,419.3,146.15,146.15,146.15,OPC ON,BATT ON,1:03:28
1:03:29,43.894314,-93.260292,54458.66,0/0/2000,18:59:10,fix,0,0,0,419.3,146.15,146.15,146.15,OPC ON,BATT ON,1:03:34
1:03:39,43.894176,-93.257919,54658.8,0/0/2000,18:59:20,fix,0,0,0,419.3,146.15,146.15,146.15,OPC ON,BATT ON,1:03:39
1:03:43,43.894394,-93.257164,54701.45,0/0/2000,18:59:24,fix,0,0,0,419.3,146.15,146.15,146.15,OPC ON,BATT ON,1:03:44
1:03:48,43.893936,-93.255821,54799.87,0/0/2000,18:59:29,fix,0,0,0,419.3,146.15,146.15,146.15,OPC ON,BATT ON,1:03:50
1:03:55,43.893257,-93.253769,54944.23,0/0/2000,18:59:36,fix,0,0,0,419.3,146.15,146.15,146.15,OPC ON,BATT ON,1:03:55
1:03:57,43.893112,-93.253288,54970.48,0/0/2000,18:59:38,fix,0,0,0,419.3,146.15,146.15,146.15,OPC ON,BATT ON,1:04:01
1:04:04,43.892651,-93.251678,55082.02,0/0/2000,18:59:45,fix,0,0,0,419.3,146.15,146.15,146.15,OPC ON,BATT ON,1:04:06
1:04:11,43.891911,-93.250259,55193.57,0/0/2000,18:59:52,fix,0,0,0,419.3,146.15,146.15,146.15,OPC ON,BATT ON,1:04:12
1:04:16,43.891117,-93.249153,55269.03,0/0/2000,18:59:57,fix,0,0,0,419.3,146.15,146.15,146.15,OPC ON,BATT ON,1:04:17
1:04:18,43.890831,-93.248756,55305.12,0/0/2000,18:59:59,fix,0,0,0,419.3,146.15,146.15,146.15,OPC ON,BATT ON,1:04:23
1:04:25,43.890343,-93.247673,55446.2,0/0/2000,19:00:06,fix,0,0,0,419.3,146.15,146.15,146.15,OPC ON,BATT ON,1:04:28
1:04:32,43.889809,-93.246536,55554.46,0/0/2000,19:00:13,fix,0,0,0,419.3,146.15,146.15,146.15,OPC ON,BATT ON,1:04:33
1:04:37,43.889133,-93.245674,55649.61,0/0/2000,19:00:18,fix,0,0,0,419.3,146.15,146.15,146.15,OPC ON,BATT ON,1:04:39
1:04:44,43.888428,-93.244576,55787.4,0/0/2000,19:00:25,fix,0,0,0,419.3,146.15,146.15,146.15,OPC ON,BATT ON,1:04:44
1:04:49,43.888329,-93.244225,55879.27,0/0/2000,19:00:30,fix,0,0,0,419.3,146.15,146.15,146.15,OPC ON,BATT ON,1:04:50
1:04:53,43.888004,-93.243584,55987.54,0/0/2000,19:00:34,fix,0,0,0,419.3,146.15,146.15,146.15,OPC ON,BATT ON,1:04:55
1:04:58,43.887718,-93.243134,56135.17,0/0/2000,19:00:39,fix,0,0,0,419.3,146.15,146.15,146.15,OPC ON,BATT ON,1:05:01
1:05:05,43.886879,-93.241798,56341.86,0/0/2000,19:00:46,fix,0,0,0,419.3,146.15,146.15,146.15,OPC ON,BATT ON,1:05:06
1:05:07,43.886753,-93.241585,56394.36,0/0/2000,19:00:48,fix,0,0,0,419.3,146.15,146.15,146.15,OPC ON,BATT ON,1:05:12
1:05:17,43.887039,-93.241631,56689.64,0/0/2000,19:00:58,fix,0,0,0,419.3,146.15,146.15,146.15,OPC ON,BATT ON,1:05:17
1:05:21,43.886738,-93.241058,56729,0/0/2000,19:01:02,fix,0,0,0,419.3,146.15,146.15,146.15,OPC ON,BATT ON,1:05:23
1:05:26,43.886494,-93.240349,56804.46,0/0/2000,19:01:07,fix,0,0,0,419.3,146.15,146.15,146.15,OPC ON,BATT ON,1:05:28
1:05:26,43.886494,-93.240349,56804.46,0/0/2000,19:01:07,fix,0,0,0,419.3,146.15,146.15,146.15,OPC ON,BATT ON,1:05:33
1:05:26,43.886494,-93.240349,56804.46,0/0/2000,19:01:07,fix,0,0,0,419.3,146.15,146.15,146.15,OPC ON,BATT ON,1:05:39
1:05:26,43.886494,-93.240349,56804.46,0/0/2000,19:01:07,fix,0,0,0,419.3,146.15,146.15,146.15,OPC ON,BATT ON,1:05:44
1:05:26,43.886494,-93.240349,56804.46,0/0/2000,19:01:07,fix,0,0,0,419.3,146.15,146.15,146.15,OPC ON,BATT ON,1:05:50
1:05:26,43.886494,-93.240349,56804.46,0/0/2000,19:01:07,fix,0,0,0,419.3,146.15,146.15,146.15,OPC ON,BATT ON,1:05:55
1:05:26,43.886494,-93.240349,56804.46,0/0/2000,19:01:07,fix,0,0,0,419.3,146.15,146.15,146.15,OPC ON,BATT ON,1:06:01
1:06:06,43.885082,-93.236,57582.02,0/0/2000,19:01:47,fix,0,0,0,419.3,146.15,146.15,146.15,OPC ON,BATT ON,1:06:06
1:06:11,43.884933,-93.235245,57601.7,0/0/2000,19:01:52,fix,0,0,0,419.3,146.15,146.15,146.15,OPC ON,BATT ON,1:06:11
1:06:13,43.88422,-93.23468,57664.04,0/0/2000,19:01:54,fix,0,0,0,419.3,146.15,146.15,146.15,OPC ON,BATT ON,1:06:17
1:06:20,43.884441,-93.234451,57706.7,0/0/2000,19:02:01,fix,0,0,0,419.3,146.15,146.15,146.15,OPC ON,BATT ON,1:06:22
1:06:20,43.884441,-93.234451,57706.7,0/0/2000,19:02:01,fix,0,0,0,419.3,146.15,146.15,146.15,OPC ON,BATT ON,1:06:28
1:06:32,43.883606,-93.232544,58087.27,0/0/2000,19:02:13,fix,0,0,0,419.3,146.15,146.15,146.15,OPC ON,BATT ON,1:06:33
1:06:32,43.883606,-93.232544,58087.27,0/0/2000,19:02:13,fix,0,0,0,419.3,146.15,146.15,146.15,OPC ON,BATT ON,1:06:39
1:06:44,43.885555,-93.232513,58031.5,0/0/2000,19:02:25,fix,0,0,0,419.3,146.15,146.15,146.15,OPC ON,BATT ON,1:06:44
1:06:46,43.885242,-93.231895,58083.99,0/0/2000,19:02:27,fix,0,0,0,419.3,146.15,146.15,146.15,OPC ON,BATT ON,1:06:49
1:06:53,43.884037,-93.230453,58241.47,0/0/2000,19:02:34,fix,0,0,0,419.3,146.15,146.15,146.15,OPC ON,BATT ON,1:06:55
1:07:00,43.88261,-93.22921,58435.04,0/0/2000,19:02:41,fix,0,0,0,419.3,146.15,146.15,146.15,OPC ON,BATT ON,1:07:00
1:07:05,43.882217,-93.229256,58451.45,0/0/2000,19:02:46,fix,0,0,0,419.3,146.15,146.15,146.15,OPC ON,BATT ON,1:07:06
1:07:07,43.882107,-93.228973,58487.54,0/0/2000,19:02:48,fix,0,0,0,419.3,146.15,146.15,146.15,OPC ON,BATT ON,1:07:11
1:07:14,43.881657,-93.22876,58592.52,0/0/2000,19:02:55,fix,0,0,0,419.3,146.15,146.15,146.15,OPC ON,BATT ON,1:07:17
1:07:21,43.8806,-93.228073,58704.07,0/0/2000,19:03:02,fix,0,0,0,419.3,146.15,146.15,146.15,OPC ON,BATT ON,1:07:22
1:07:26,43.880211,-93.227829,58802.5,0/0/2000,19:03:07,fix,0,0,0,419.3,146.15,146.15,146.15,OPC ON,BATT ON,1:07:28
1:07:33,43.879173,-93.227203,59009.18,0/0/2000,19:03:14,fix,0,0,0,419.3,146.15,146.15,146.15,OPC ON,BATT ON,1:07:33
1:07:35,43.879005,-93.227455,59028.87,0/0/2000,19:03:16,fix,0,0,0,419.3,146.15,146.15,146.15,OPC ON,BATT ON,1:07:39
1:07:42,43.879326,-93.227837,59087.93,0/0/2000,19:03:23,fix,0,0,0,419.3,146.15,146.15,146.15,OPC ON,BATT ON,1:07:44
1:07:49,43.878841,-93.227783,59166.66,0/0/2000,19:03:30,fix,0,0,0,419.3,146.15,146.15,146.15,OPC ON,BATT ON,1:07:49
1:07:54,43.878757,-93.227745,59229,0/0/2000,19:03:35,fix,0,0,0,419.3,146.15,146.15,146.15,OPC ON,BATT ON,1:07:55
1:07:56,43.878532,-93.227676,59251.97,0/0/2000,19:03:37,fix,0,0,0,419.3,146.15,146.15,146.15,OPC ON,BATT ON,1:08:00
1:08:03,43.878319,-93.227486,59314.3,0/0/2000,19:03:44,fix,0,0,0,419.3,146.15,146.15,146.15,OPC ON,BATT ON,1:08:06
1:08:03,43.878319,-93.227486,59314.3,0/0/2000,19:03:44,fix,0,0,0,419.3,146.15,146.15,146.15,OPC ON,BATT ON,1:08:11
1:08:03,43.878319,-93.227486,59314.3,0/0/2000,19:03:44,fix,0,0,0,419.3,146.15,146.15,146.15,OPC ON,BATT ON,1:08:17
1:08:22,43.878067,-93.227112,59550.52,0/0/2000,19:04:03,fix,0,0,0,419.3,146.15,146.15,146.15,OPC ON,BATT ON,1:08:22
1:08:27,43.877804,-93.226799,59678.48,0/0/2000,19:04:08,fix,0,0,0,419.3,146.15,146.15,146.15,OPC ON,BATT ON,1:08:27
1:08:29,43.877628,-93.226723,59711.29,0/0/2000,19:04:10,fix,0,0,0,419.3,146.15,146.15,146.15,OPC ON,BATT ON,1:08:33
1:08:36,43.877296,-93.226387,59829.39,0/0/2000,19:04:17,fix,0,0,0,419.3,146.15,146.15,146.15,OPC ON,BATT ON,1:08:38
1:08:43,43.877079,-93.225899,59973.75,0/0/2000,19:04:24,fix,0,0,0,419.3,146.15,146.15,146.15,OPC ON,BATT ON,1:08:44
1:08:48,43.877037,-93.225777,60052.5,0/0/2000,19:04:29,fix,0,0,0,419.3,146.15,146.15,146.15,OPC ON,BATT ON,1:08:49
1:08:50,43.876934,-93.225616,60091.86,0/0/2000,19:04:31,fix,0,0,0,419.3,146.15,146.15,146.15,OPC ON,BATT ON,1:08:55
1:09:00,43.876888,-93.224815,60298.55,0/0/2000,19:04:41,fix,0,0,0,419.3,146.15,146.15,146.15,OPC ON,BATT ON,1:09:00
1:09:04,43.876698,-93.224487,60334.64,0/0/2000,19:04:45,fix,0,0,0,419.3,146.15,146.15,146.15,OPC ON,BATT ON,1:09:06
1:09:11,43.876823,-93.224297,60423.23,0/0/2000,19:04:52,fix,0,0,0,419.3,146.15,146.15,146.15,OPC ON,BATT ON,1:09:11
1:09:16,43.876965,-93.224052,60538.06,0/0/2000,19:04:57,fix,0,0,0,419.3,146.15,146.15,146.15,OPC ON,BATT ON,1:09:16
1:09:21,43.877106,-93.223839,60626.64,0/0/2000,19:05:02,fix,0,0,0,419.3,146.15,146.15,146.15,OPC ON,BATT ON,1:09:22
1:09:25,43.877136,-93.223724,60682.41,0/0/2000,19:05:06,fix,0,0,0,419.3,146.15,146.15,146.15,OPC ON,BATT ON,1:09:27
1:09:32,43.87743,-93.223755,60774.28,0/0/2000,19:05:13,fix,0,0,0,419.3,146.15,146.15,146.15,OPC ON,BATT ON,1:09:33
1:09:32,43.87743,-93.223755,60774.28,0/0/2000,19:05:13,fix,0,0,0,419.3,146.15,146.15,146.15,OPC ON,BATT ON,1:09:38
1:09:42,43.877407,-93.223747,60944.88,0/0/2000,19:05:23,fix,0,0,0,419.3,146.15,146.15,146.15,OPC ON,BATT ON,1:09:44
1:09:49,43.877594,-93.223892,61026.91,0/0/2000,19:05:30,fix,0,0,0,419.3,146.15,146.15,146.15,OPC ON,BATT ON,1:09:49
1:09:51,43.877575,-93.223846,61063,0/0/2000,19:05:32,fix,0,0,0,419.3,146.15,146.15,146.15,OPC ON,BATT ON,1:09:55
1:09:58,43.877209,-93.223793,61187.66,0/0/2000,19:05:39,fix,0,0,0,419.3,146.15,146.15,146.15,OPC ON,BATT ON,1:10:00
1:10:05,43.87817,-93.224449,61292.65,0/0/2000,19:05:46,fix,0,0,0,419.3,146.15,146.15,146.15,OPC ON,BATT ON,1:10:05
1:10:10,43.878349,-93.224716,61348.43,0/0/2000,19:05:51,fix,0,0,0,419.3,146.15,146.15,146.15,OPC ON,BATT ON,1:10:11
1:10:12,43.878326,-93.224785,61384.52,0/0/2000,19:05:53,fix,0,0,0,419.3,146.15,146.15,146.15,OPC ON,BATT ON,1:10:16
1:10:19,43.878437,-93.225029,61522.31,0/0/2000,19:06:00,fix,0,0,0,419.3,146.15,146.15,146.15,OPC ON,BATT ON,1:10:22
1:10:26,43.878399,-93.225151,61587.93,0/0/2000,19:06:07,fix,0,0,0,419.3,146.15,146.15,146.15,OPC ON,BATT ON,1:10:27
1:10:28,43.878124,-93.224998,61624.02,0/0/2000,19:06:09,fix,0,0,0,419.3,146.15,146.15,146.15,OPC ON,BATT ON,1:10:33
1:10:38,43.878166,-93.224968,61807.75,0/0/2000,19:06:19,fix,0,0,0,419.3,146.15,146.15,146.15,OPC ON,BATT ON,1:10:38
1:10:40,43.878025,-93.224907,61837.27,0/0/2000,19:06:21,fix,0,0,0,419.3,146.15,146.15,146.15,OPC ON,BATT ON,1:10:44
1:10:47,43.878647,-93.225304,61889.77,0/0/2000,19:06:28,fix,0,0,0,419.3,146.15,146.15,146.15,OPC ON,BATT ON,1:10:49
1:10:54,43.877815,-93.224739,61988.19,0/0/2000,19:06:35,fix,0,0,0,419.3,146.15,146.15,146.15,OPC ON,BATT ON,1:10:54
1:10:59,43.877872,-93.224541,62021,0/0/2000,19:06:40,fix,0,0,0,419.3,146.15,146.15,146.15,OPC ON,BATT ON,1:11:00
1:11:01,43.877281,-93.224068,62053.8,0/0/2000,19:06:42,fix,0,0,0,419.3,146.15,146.15,146.15,OPC ON,BATT ON,1:11:05
1:11:08,43.877178,-93.223801,62175.2,0/0/2000,19:06:49,fix,0,0,0,419.3,146.15,146.15,146.15,OPC ON,BATT ON,1:11:11
1:11:15,43.876904,-93.223114,62250.66,0/0/2000,19:06:56,fix,0,0,0,419.3,146.15,146.15,146.15,OPC ON,BATT ON,1:11:16
1:11:20,43.878029,-93.223717,62283.46,0/0/2000,19:07:01,fix,0,0,0,419.3,146.15,146.15,146.15,OPC ON,BATT ON,1:11:22
1:11:27,43.882408,-93.226471,62208,0/0/2000,19:07:08,fix,0,0,0,419.3,146.15,146.15,146.15,OPC ON,BATT ON,1:11:27
1:11:32,43.882298,-93.225952,62326.11,0/0/2000,19:07:13,fix,0,0,0,419.3,146.15,146.15,146.15,OPC ON,BATT ON,1:11:33
1:11:36,43.882656,-93.225708,62414.7,0/0/2000,19:07:17,fix,0,0,0,419.3,146.15,146.15,146.15,OPC ON,BATT ON,1:11:38
1:11:41,43.883064,-93.225777,62486.88,0/0/2000,19:07:22,fix,0,0,0,419.3,146.15,146.15,146.15,OPC ON,BATT ON,1:11:43
1:11:48,43.883282,-93.225479,62591.86,0/0/2000,19:07:29,fix,0,0,0,419.3,146.15,146.15,146.15,OPC ON,BATT ON,1:11:49
1:11:50,43.883236,-93.225319,62634.52,0/0/2000,19:07:31,fix,0,0,0,419.3,146.15,146.15,146.15,OPC ON,BATT ON,1:11:54
1:11:57,43.882462,-93.224449,62759.18,0/0/2000,19:07:38,fix,0,0,0,419.3,146.15,146.15,146.15,OPC ON,BATT ON,1:12:00
1:12:02,43.882702,-93.224457,62841.21,0/0/2000,19:07:43,fix,0,0,0,419.3,146.15,146.15,146.15,OPC ON,BATT ON,1:12:05
1:12:09,43.882149,-93.22364,62956.04,0/0/2000,19:07:50,fix,0,0,0,419.3,146.15,146.15,146.15,OPC ON,BATT ON,1:12:11
1:12:16,43.88147,-93.222687,63090.55,0/0/2000,19:07:57,fix,0,0,0,419.3,146.15,146.15,146.15,OPC ON,BATT ON,1:12:16
1:12:21,43.880627,-93.221642,63218.5,0/0/2000,19:08:02,fix,0,0,0,419.3,146.15,146.15,146.15,OPC ON,BATT ON,1:12:22
1:12:25,43.880131,-93.221107,63280.84,0/0/2000,19:08:06,fix,0,0,0,419.3,146.15,146.15,146.15,OPC ON,BATT ON,1:12:27
1:12:30,43.884521,-93.224159,63228.34,0/0/2000,19:08:11,fix,0,0,0,419.3,146.15,146.15,146.15,OPC ON,BATT ON,1:12:32
1:12:37,43.885342,-93.224411,63349.74,0/0/2000,19:08:18,fix,0,0,0,419.3,146.15,146.15,146.15,OPC ON,BATT ON,1:12:38
1:12:42,43.885777,-93.224503,63487.54,0/0/2000,19:08:23,fix,0,0,0,419.3,146.15,146.15,146.15,OPC ON,BATT ON,1:12:43
1:12:44,43.885876,-93.224403,63540.02,0/0/2000,19:08:25,fix,0,0,0,419.3,146.15,146.15,146.15,OPC ON,BATT ON,1:12:49
1:12:51,43.885933,-93.224258,63782.81,0/0/2000,19:08:32,fix,0,0,0,419.3,146.15,146.15,146.15,OPC ON,BATT ON,1:12:54
1:12:58,43.886044,-93.224022,63920.61,0/0/2000,19:08:39,fix,0,0,0,419.3,146.15,146.15,146.15,OPC ON,BATT ON,1:13:00
1:13:05,43.886269,-93.223892,64058.4,0/0/2000,19:08:46,fix,0,0,0,419.3,146.15,146.15,146.15,OPC ON,BATT ON,1:13:05
1:13:10,43.886166,-93.223618,64130.58,0/0/2000,19:08:51,fix,0,0,0,419.3,146.15,146.15,146.15,OPC ON,BATT ON,1:13:11
1:13:15,43.886322,-93.223518,64189.64,0/0/2000,19:08:56,fix,0,0,0,419.3,146.15,146.15,146.15,OPC ON,BATT ON,1:13:16
1:13:17,43.886368,-93.223518,64222.44,0/0/2000,19:08:58,fix,0,0,0,419.3,146.15,146.15,146.15,OPC ON,BATT ON,1:13:21
1:13:26,43.886524,-93.22345,64360.23,0/0/2000,19:09:07,fix,0,0,0,419.3,146.15,146.15,146.15,OPC ON,BATT ON,1:13:27
1:13:31,43.88652,-93.22345,64488.19,0/0/2000,19:09:12,fix,0,0,0,419.3,146.15,146.15,146.15,OPC ON,BATT ON,1:13:32
1:13:33,43.886452,-93.223572,64550.52,0/0/2000,19:09:14,fix,0,0,0,419.3,146.15,146.15,146.15,OPC ON,BATT ON,1:13:38
1:13:43,43.886185,-93.22361,64691.6,0/0/2000,19:09:24,fix,0,0,0,419.3,146.15,146.15,146.15,OPC ON,BATT ON,1:13:43
1:13:47,43.886086,-93.223915,64757.22,0/0/2000,19:09:28,fix,0,0,0,419.3,146.15,146.15,146.15,OPC ON,BATT ON,1:13:49
1:13:54,43.885979,-93.224106,64872.05,0/0/2000,19:09:35,fix,0,0,0,419.3,146.15,146.15,146.15,OPC ON,BATT ON,1:13:54
1:13:59,43.886063,-93.224129,64931.11,0/0/2000,19:09:40,fix,0,0,0,419.3,146.15,146.15,146.15,OPC ON,BATT ON,1:14:00
1:14:01,43.886024,-93.22422,64957.35,0/0/2000,19:09:42,fix,0,0,0,419.3,146.15,146.15,146.15,OPC ON,BATT ON,1:14:05
1:14:08,43.886166,-93.224205,65062.34,0/0/2000,19:09:49,fix,0,0,0,419.3,146.15,146.15,146.15,OPC ON,BATT ON,1:14:10
1:14:15,43.886147,-93.224182,65144.36,0/0/2000,19:09:56,fix,0,0,0,419.3,146.15,146.15,146.15,OPC ON,BATT ON,1:14:16
1:14:20,43.886681,-93.223778,65275.59,0/0/2000,19:10:01,fix,0,0,0,419.3,146.15,146.15,146.15,OPC ON,BATT ON,1:14:21
1:14:25,43.886795,-93.223625,65390.42,0/0/2000,19:10:06,fix,0,0,0,419.3,146.15,146.15,146.15,OPC ON,BATT ON,1:14:27
1:14:29,43.886616,-93.223938,65449.48,0/0/2000,19:10:10,fix,0,0,0,419.3,146.15,146.15,146.15,OPC ON,BATT ON,1:14:32
1:14:36,43.886509,-93.224022,65524.93,0/0/2000,19:10:17,fix,0,0,0,419.3,146.15,146.15,146.15,OPC ON,BATT ON,1:14:38
1:14:41,43.886391,-93.224037,65577.43,0/0/2000,19:10:22,fix,0,0,0,419.3,146.15,146.15,146.15,OPC ON,BATT ON,1:14:43
1:14:48,43.886024,-93.224228,65659.45,0/0/2000,19:10:29,fix,0,0,0,419.3,146.15,146.15,146.15,OPC ON,BATT ON,1:14:49
1:14:50,43.885914,-93.224289,65685.7,0/0/2000,19:10:31,fix,0,0,0,419.3,146.15,146.15,146.15,OPC ON,BATT ON,1:14:54
1:14:57,43.885574,-93.224556,65780.84,0/0/2000,19:10:38,fix,0,0,0,419.3,146.15,146.15,146.15,OPC ON,BATT ON,1:14:59
1:15:04,43.885254,-93.224724,65889.11,0/0/2000,19:10:45,fix,0,0,0,419.3,146.15,146.15,146.15,OPC ON,BATT ON,1:15:05
1:15:09,43.885151,-93.224602,65954.73,0/0/2000,19:10:50,fix,0,0,0,419.3,146.15,146.15,146.15,OPC ON,BATT ON,1:15:10
1:15:11,43.885155,-93.224594,65971.13,0/0/2000,19:10:52,fix,0,0,0,419.3,146.15,146.15,146.15,OPC ON,BATT ON,1:15:16
1:15:21,43.884754,-93.22451,66092.52,0/0/2000,19:11:02,fix,0,0,0,419.3,146.15,146.15,146.15,OPC ON,BATT ON,1:15:21
1:15:25,43.88448,-93.22467,66131.89,0/0/2000,19:11:06,fix,0,0,0,419.3,146.15,146.15,146.15,OPC ON,BATT ON,1:15:27
1:15:32,43.884151,-93.224747,66230.31,0/0/2000,19:11:13,fix,0,0,0,419.3,146.15,146.15,146.15,OPC ON,BATT ON,1:15:32
1:15:37,43.883888,-93.224991,66312.34,0/0/2000,19:11:18,fix,0,0,0,419.3,146.15,146.15,146.15,OPC ON,BATT ON,1:15:38
1:15:42,43.883816,-93.22509,66391.08,0/0/2000,19:11:23,fix,0,0,0,419.3,146.15,146.15,146.15,OPC ON,BATT ON,1:15:43
1:15:46,43.883667,-93.225189,66453.41,0/0/2000,19:11:27,fix,0,0,0,419.3,146.15,146.15,146.15,OPC ON,BATT ON,1:15:49
1:15:53,43.883434,-93.225494,66558.4,0/0/2000,19:11:34,fix,0,0,0,419.3,146.15,146.15,146.15,OPC ON,BATT ON,1:15:54
1:15:58,43.883232,-93.225693,66617.45,0/0/2000,19:11:39,fix,0,0,0,419.3,146.15,146.15,146.15,OPC ON,BATT ON,1:15:59
1:16:00,43.883148,-93.225792,66663.38,0/0/2000,19:11:41,fix,0,0,0,419.3,146.15,146.15,146.15,OPC ON,BATT ON,1:16:05
1:16:10,43.882767,-93.226242,66843.84,0/0/2000,19:11:51,fix,0,0,0,419.3,146.15,146.15,146.15,OPC ON,BATT ON,1:16:10
1:16:14,43.882698,-93.226364,66916.01,0/0/2000,19:11:55,fix,0,0,0,419.3,146.15,146.15,146.15,OPC ON,BATT ON,1:16:16
1:16:19,43.882603,-93.226509,66988.19,0/0/2000,19:12:00,fix,0,0,0,419.3,146.15,146.15,146.15,OPC ON,BATT ON,1:16:21
1:16:26,43.882221,-93.227051,67063.65,0/0/2000,19:12:07,fix,0,0,0,419.3,146.15,146.15,146.15,OPC ON,BATT ON,1:16:27
1:16:31,43.882202,-93.227119,67132.55,0/0/2000,19:12:12,fix,0,0,0,419.3,146.15,146.15,146.15,OPC ON,BATT ON,1:16:32
1:16:35,43.881809,-93.227783,67178.48,0/0/2000,19:12:16,fix,0,0,0,419.3,146.15,146.15,146.15,OPC ON,BATT ON,1:16:38
1:16:40,43.881973,-93.227837,67247.38,0/0/2000,19:12:21,fix,0,0,0,419.3,146.15,146.15,146.15,OPC ON,BATT ON,1:16:43
1:16:47,43.882015,-93.228317,67339.24,0/0/2000,19:12:28,fix,0,0,0,419.3,146.15,146.15,146.15,OPC ON,BATT ON,1:16:48
1:16:49,43.882137,-93.228432,67372.05,0/0/2000,19:12:30,fix,0,0,0,419.3,146.15,146.15,146.15,OPC ON,BATT ON,1:16:54
1:16:56,43.882374,-93.228958,67467.19,0/0/2000,19:12:37,fix,0,0,0,419.3,146.15,146.15,146.15,OPC ON,BATT ON,1:16:59
1:17:03,43.882591,-93.22937,67572.18,0/0/2000,19:12:44,fix,0,0,0,419.3,146.15,146.15,146.15,OPC ON,BATT ON,1:17:05
1:17:08,43.882511,-93.22982,67634.52,0/0/2000,19:12:49,fix,0,0,0,419.3,146.15,146.15,146.15,OPC ON,BATT ON,1:17:10
1:17:15,43.882874,-93.230186,67788.72,0/0/2000,19:12:56,fix,0,0,0,419.3,146.15,146.15,146.15,OPC ON,BATT ON,1:17:16
1:17:17,43.882896,-93.2304,67824.8,0/0/2000,19:12:58,fix,0,0,0,419.3,146.15,146.15,146.15,OPC ON,BATT ON,1:17:21
1:17:24,43.883072,-93.230812,67959.32,0/0/2000,19:13:05,fix,0,0,0,419.3,146.15,146.15,146.15,OPC ON,BATT ON,1:17:27
1:17:29,43.883106,-93.231171,68044.62,0/0/2000,19:13:10,fix,0,0,0,419.3,146.15,146.15,146.15,OPC ON,BATT ON,1:17:32
1:17:36,43.883347,-93.231567,68175.85,0/0/2000,19:13:17,fix,0,0,0,419.3,146.15,146.15,146.15,OPC ON,BATT ON,1:17:37
1:17:38,43.883385,-93.231667,68211.95,0/0/2000,19:13:19,fix,0,0,0,419.3,146.15,146.15,146.15,OPC ON,BATT ON,1:17:43
1:17:48,43.883476,-93.232124,68356.3,0/0/2000,19:13:29,fix,0,0,0,419.3,146.15,146.15,146.15,OPC ON,BATT ON,1:17:48
1:17:52,43.883633,-93.232506,68405.51,0/0/2000,19:13:33,fix,0,0,0,419.3,146.15,146.15,146.15,OPC ON,BATT ON,1:17:54
1:17:59,43.883652,-93.232758,68490.81,0/0/2000,19:13:40,fix,0,0,0,419.3,146.15,146.15,146.15,OPC ON,BATT ON,1:17:59
1:18:04,43.883659,-93.232971,68579.4,0/0/2000,19:13:45,fix,0,0,0,419.3,146.15,146.15,146.15,OPC ON,BATT ON,1:18:05
1:18:08,43.883606,-93.233147,68638.45,0/0/2000,19:13:49,fix,0,0,0,419.3,146.15,146.15,146.15,OPC ON,BATT ON,1:18:10
